time,power
2026-01-01 00:00:00,706.576
2026-01-01 01:00:00,684.482
2026-01-01 02:00:00,676.1158333333333
2026-01-01 03:00:00,669.5576666666666
2026-01-01 04:00:00,666.259
2026-01-01 05:00:00,664.3531666666667
2026-01-01 06:00:00,667.6881666666667
2026-01-01 07:00:00,663.6798333333334
2026-01-01 08:00:00,683.4125
2026-01-01 09:00:00,701.4948333333334
2026-01-01 10:00:00,710.7256666666667
2026-01-01 11:00:00,700.3805
2026-01-01 12:00:00,721.4636666666667
2026-01-01 13:00:00,722.3053333333334
2026-01-01 14:00:00,698.187
2026-01-01 15:00:00,715.9618333333334
2026-01-01 16:00:00,713.1363333333334
2026-01-01 17:00:00,694.1715
2026-01-01 18:00:00,690.4106666666667
2026-01-01 19:00:00,702.5641666666667
2026-01-01 20:00:00,683.0503333333334
2026-01-01 21:00:00,665.6163333333333
2026-01-01 22:00:00,661.9721666666667
2026-01-01 23:00:00,652.7776666666666
2026-01-02 00:00:00,645.9095
2026-01-02 01:00:00,638.5343333333333
2026-01-02 02:00:00,633.1636666666667
2026-01-02 03:00:00,679.1155
2026-01-02 04:00:00,679.4481666666667
2026-01-02 05:00:00,679.8423333333333
2026-01-02 06:00:00,698.2628333333333
2026-01-02 07:00:00,731.4066666666666
2026-01-02 08:00:00,734.331
2026-01-02 09:00:00,732.0133333333333
2026-01-02 10:00:00,735.1696666666667
2026-01-02 11:00:00,731.6555
2026-01-02 12:00:00,725.7185
2026-01-02 13:00:00,744.1731666666667
2026-01-02 14:00:00,751.9433333333333
2026-01-02 15:00:00,741.4196666666667
2026-01-02 16:00:00,748.9538333333334
2026-01-02 17:00:00,745.5078333333333
2026-01-02 18:00:00,756.4980333333333
2026-01-02 19:00:00,761.1701666666667
2026-01-02 20:00:00,749.8988333333333
2026-01-02 21:00:00,750.2695
2026-01-02 22:00:00,764.2893333333333
2026-01-02 23:00:00,740.1713333333333
2026-01-03 00:00:00,736.5550000000001
2026-01-03 01:00:00,727.6298333333334
2026-01-03 02:00:00,746.9203333333334
2026-01-03 03:00:00,729.6688333333334
2026-01-03 04:00:00,748.875
2026-01-03 05:00:00,748.487
2026-01-03 06:00:00,749.0308333333334
2026-01-03 07:00:00,754.6005
2026-01-03 08:00:00,769.6561666666666
2026-01-03 09:00:00,754.2256666666667
2026-01-03 10:00:00,755.1701666666667
2026-01-03 11:00:00,767.1831666666667
2026-01-03 12:00:00,774.4005
2026-01-03 13:00:00,771.4105000000001
2026-01-03 14:00:00,768.8773333333334
2026-01-03 15:00:00,774.9646666666666
2026-01-03 16:00:00,769.473
2026-01-03 17:00:00,777.6928333333333
2026-01-03 18:00:00,761.9546666666666
2026-01-03 19:00:00,775.2465
2026-01-03 20:00:00,777.9968333333334
2026-01-03 21:00:00,777.6166666666667
2026-01-03 22:00:00,781.658
2026-01-03 23:00:00,781.5978333333333
2026-01-04 00:00:00,758.9195
2026-01-04 01:00:00,767.3293333333334
2026-01-04 02:00:00,765.042
2026-01-04 03:00:00,757.034
2026-01-04 04:00:00,769.8498333333333
2026-01-04 05:00:00,761.6203333333333
2026-01-04 06:00:00,776.0936666666666
2026-01-04 07:00:00,775.5011666666667
2026-01-04 08:00:00,783.7613333333334
2026-01-04 09:00:00,775.5925
2026-01-04 10:00:00,787.8033333333333
2026-01-04 11:00:00,795.0245
2026-01-04 12:00:00,777.0150000000001
2026-01-04 13:00:00,787.7778333333333
2026-01-04 14:00:00,796.4948333333333
2026-01-04 15:00:00,798.7773333333333
2026-01-04 16:00:00,793.5848333333333
2026-01-04 17:00:00,789.2893333333334
2026-01-04 18:00:00,794.0611666666666
2026-01-04 19:00:00,800.3934999999999
2026-01-04 20:00:00,802.153
2026-01-04 21:00:00,803.1526666666666
2026-01-04 22:00:00,802.1513333333334
2026-01-04 23:00:00,794.4883333333333
2026-01-05 00:00:00,801.3151666666666
2026-01-05 01:00:00,810.5153333333333
2026-01-05 02:00:00,801.3995
2026-01-05 03:00:00,788.3523333333334
2026-01-05 04:00:00,799.9815000000001
2026-01-05 05:00:00,802.3076666666667
2026-01-05 06:00:00,799.5971666666667
2026-01-05 07:00:00,810.458
2026-01-05 08:00:00,820.6605
2026-01-05 09:00:00,810.3303333333333
2026-01-05 10:00:00,812.005
2026-01-05 11:00:00,810.4031666666667
2026-01-05 12:00:00,812.945
2026-01-05 13:00:00,812.2825
2026-01-05 14:00:00,812.8243333333334
2026-01-05 15:00:00,803.6568333333333
2026-01-05 16:00:00,803.595
2026-01-05 17:00:00,816.4445000000001
2026-01-05 18:00:00,801.105
2026-01-05 19:00:00,809.1391666666667
2026-01-05 20:00:00,802.2103333333333
2026-01-05 21:00:00,806.433
2026-01-05 22:00:00,806.1741666666667
2026-01-05 23:00:00,807.5411666666666
2026-01-06 00:00:00,805.501
2026-01-06 01:00:00,800.4691666666666
2026-01-06 02:00:00,810.0889999999999
2026-01-06 03:00:00,797.8931666666666
2026-01-06 04:00:00,785.36
2026-01-06 05:00:00,800.8501666666667
2026-01-06 06:00:00,787.3898333333334
2026-01-06 07:00:00,797.1238333333333
2026-01-06 08:00:00,788.929
2026-01-06 09:00:00,784.047
2026-01-06 10:00:00,787.2495
2026-01-06 11:00:00,747.4376666666667
2026-01-06 12:00:00,734.7226666666667
2026-01-06 13:00:00,720.2015
2026-01-06 14:00:00,731.6156666666667
2026-01-06 15:00:00,742.7755000000001
2026-01-06 16:00:00,753.1761666666666
2026-01-06 17:00:00,750.094
2026-01-06 18:00:00,744.0901666666666
2026-01-06 19:00:00,749.649
2026-01-06 20:00:00,753.9485
2026-01-06 21:00:00,757.1765
2026-01-06 22:00:00,755.8231666666667
2026-01-06 23:00:00,754.1793333333333
2026-01-07 00:00:00,760.2261666666667
2026-01-07 01:00:00,776.9263333333333
2026-01-07 02:00:00,765.7565000000001
2026-01-07 03:00:00,764.4031666666667
2026-01-07 04:00:00,765.241
2026-01-07 05:00:00,782.2175
2026-01-07 06:00:00,790.0366666666666
2026-01-07 07:00:00,778.03
2026-01-07 08:00:00,744.2508333333333
2026-01-07 09:00:00,728.9658311318937
2026-01-07 10:00:00,739.8848333333333
2026-01-07 11:00:00,740.2581666666666
2026-01-07 12:00:00,758.3515
2026-01-07 13:00:00,755.2933333333333
2026-01-07 14:00:00,757.672
2026-01-07 15:00:00,744.3993333333333
2026-01-07 16:00:00,729.4118333333333
2026-01-07 17:00:00,740.3041666666667
2026-01-07 18:00:00,717.6276666666666
2026-01-07 19:00:00,734.682
2026-01-07 20:00:00,721.758
2026-01-07 21:00:00,728.7871666666666
2026-01-07 22:00:00,704.624
2026-01-07 23:00:00,686.7148333333333
2026-01-08 00:00:00,689.264
2026-01-08 01:00:00,688.0458333333333
2026-01-08 02:00:00,674.0616666666667
2026-01-08 03:00:00,674.7955
2026-01-08 04:00:00,654.8335
2026-01-08 05:00:00,670.9171666666667
2026-01-08 06:00:00,669.3711666666667
2026-01-08 07:00:00,689.2101666666666
2026-01-08 08:00:00,680.5023333333334
2026-01-08 09:00:00,670.2321666666667
2026-01-08 10:00:00,653.9425
2026-01-08 11:00:00,626.3025
2026-01-08 12:00:00,613.0160000000001
2026-01-08 13:00:00,601.7101666666667
2026-01-08 14:00:00,590.6713333333333
2026-01-08 15:00:00,589.8325
2026-01-08 16:00:00,597.1306666666667
2026-01-08 17:00:00,576.8381666666667
2026-01-08 18:00:00,597.119
2026-01-08 19:00:00,611.7563333333334
2026-01-08 20:00:00,595.6136666666666
2026-01-08 21:00:00,598.2835
2026-01-08 22:00:00,624.1365
2026-01-08 23:00:00,641.7925
2026-01-09 00:00:00,633.0765
2026-01-09 01:00:00,591.8363333333333
2026-01-09 02:00:00,553.0601666666666
2026-01-09 03:00:00,533.6106666666667
2026-01-09 04:00:00,534.8713333333333
2026-01-09 05:00:00,549.7905
2026-01-09 06:00:00,518.9671666666667
2026-01-09 07:00:00,501.0536666666667
2026-01-09 08:00:00,504.65975013687955
2026-01-09 09:00:00,502.8333265306122
2026-01-09 10:00:00,485.77616666666665
2026-01-09 11:00:00,545.0916697003125
2026-01-09 12:00:00,521.2668333333334
2026-01-09 13:00:00,541.8
2026-01-09 14:00:00,526.2868333333333
2026-01-09 15:00:00,542.9508333333333
2026-01-09 16:00:00,547.3478333333334
2026-01-09 17:00:00,560.6305
2026-01-09 18:00:00,565.5588333333333
2026-01-09 19:00:00,581.1738333333334
2026-01-09 20:00:00,594.6669999999999
2026-01-09 21:00:00,608.3945
2026-01-09 22:00:00,645.9258333333333
2026-01-09 23:00:00,658.9323333333333
2026-01-10 00:00:00,641.1108333333333
2026-01-10 01:00:00,609.635
2026-01-10 02:00:00,621.3285
2026-01-10 03:00:00,623.369
2026-01-10 04:00:00,632.5353333333334
2026-01-10 05:00:00,645.2081666666667
2026-01-10 06:00:00,639.9111666666666
2026-01-10 07:00:00,615.3031666666667
2026-01-10 08:00:00,641.1306666666667
2026-01-10 09:00:00,661.0328333333333
2026-01-10 10:00:00,654.3188333333334
2026-01-10 11:00:00,649.212
2026-01-10 12:00:00,661.0981666666667
2026-01-10 13:00:00,662.1518333333333
2026-01-10 14:00:00,651.8958333333334
2026-01-10 15:00:00,662.8573333333334
2026-01-10 16:00:00,665.7958333333333
2026-01-10 17:00:00,666.4503333333333
2026-01-10 18:00:00,673.7253333333333
2026-01-10 19:00:00,676.2186666666666
2026-01-10 20:00:00,680.289
2026-01-10 21:00:00,688.7463333333333
2026-01-10 22:00:00,698.8461666666667
2026-01-10 23:00:00,692.0263333333334
2026-01-11 00:00:00,693.777
2026-01-11 01:00:00,683.9395
2026-01-11 02:00:00,687.467
2026-01-11 03:00:00,692.1348333333333
2026-01-11 04:00:00,703.7466666666667
2026-01-11 05:00:00,710.2793333333333
2026-01-11 06:00:00,708.7925
2026-01-11 07:00:00,714.0381666666666
2026-01-11 08:00:00,718.5298333333334
2026-01-11 09:00:00,712.4451666666666
2026-01-11 10:00:00,713.0865
2026-01-11 11:00:00,704.6345
2026-01-11 12:00:00,698.3148333333334
2026-01-11 13:00:00,689.5006666666667
2026-01-11 14:00:00,689.6808333333333
2026-01-11 15:00:00,676.8858333333333
2026-01-11 16:00:00,676.3908333333334
2026-01-11 17:00:00,661.3651666666667
2026-01-11 18:00:00,676.7556666666667
2026-01-11 19:00:00,681.466
2026-01-11 20:00:00,669.9075
2026-01-11 21:00:00,671.8283333333334
2026-01-11 22:00:00,678.6666666666667
2026-01-11 23:00:00,659.9298333333334
2026-01-12 00:00:00,654.177
2026-01-12 01:00:00,649.7101666666666
2026-01-12 02:00:00,657.3395
2026-01-12 03:00:00,651.1614999999999
2026-01-12 04:00:00,650.9256666666666
2026-01-12 05:00:00,652.0326666666666
2026-01-12 06:00:00,642.4651666666666
2026-01-12 07:00:00,645.0228333333333
2026-01-12 08:00:00,647.4625
2026-01-12 09:00:00,680.5425952380953
2026-01-12 10:00:00,676.3418333333333
2026-01-12 11:00:00,690.6055
2026-01-12 12:00:00,656.2821666666666
2026-01-12 13:00:00,628.9916666666667
2026-01-12 14:00:00,639.6455
2026-01-12 15:00:00,612.4228333333333
2026-01-12 16:00:00,608.7245
2026-01-12 17:00:00,605.5035
2026-01-12 18:00:00,591.5771666666667
2026-01-12 19:00:00,565.7898333333334
2026-01-12 20:00:00,563.7761666666667
2026-01-12 21:00:00,526.4848333333333
2026-01-12 22:00:00,531.8351666666666
2026-01-12 23:00:00,548.3076666666667
2026-01-13 00:00:00,522.7751666666667
2026-01-13 01:00:00,479.417
2026-01-13 02:00:00,476.4911666666667
2026-01-13 03:00:00,462.18766666666664
2026-01-13 04:00:00,473.1646666666667
2026-01-13 05:00:00,486.73999999999995
2026-01-13 06:00:00,479.617
2026-01-13 07:00:00,458.4353205128205
2026-01-13 08:00:00,456.78683333333333
2026-01-13 09:00:00,448.8705
2026-01-13 10:00:00,432.7861060606061
2026-01-13 11:00:00,488.72566666666665
2026-01-13 12:00:00,564.2435
2026-01-13 13:00:00,549.3843333333333
2026-01-13 14:00:00,524.6946666666666
2026-01-13 15:00:00,515.0971666666667
2026-01-13 16:00:00,495.42516666666666
2026-01-13 17:00:00,536.585
2026-01-13 18:00:00,560.9813333333334
2026-01-13 19:00:00,544.3733333333333
2026-01-13 20:00:00,558.0053333333334
2026-01-13 21:00:00,522.8116666666667
2026-01-13 22:00:00,495.23466666666667
2026-01-13 23:00:00,481.9316666666667
2026-01-14 00:00:00,467.95466666666664
2026-01-14 01:00:00,467.30916666666667
2026-01-14 02:00:00,462.11783333333335
2026-01-14 03:00:00,461.5106666666667
2026-01-14 04:00:00,466.12
2026-01-14 05:00:00,490.0245
2026-01-14 06:00:00,470.6565
2026-01-14 07:00:00,460.82766666666663
2026-01-14 08:00:00,442.21066666666667
2026-01-14 09:00:00,440.9635
2026-01-14 10:00:00,449.427
2026-01-14 11:00:00,480.78521383647796
2026-01-14 12:00:00,471.8068333333333
2026-01-14 13:00:00,465.741
2026-01-14 14:00:00,486.89566666666667
2026-01-14 15:00:00,501.9632745098039
2026-01-14 16:00:00,508.7663333333333
2026-01-14 17:00:00,525.5611666666666
2026-01-14 18:00:00,502.8755
2026-01-14 19:00:00,505.8693333333333
2026-01-14 20:00:00,477.914
2026-01-14 21:00:00,459.6888333333333
2026-01-14 22:00:00,437.15066666666667
2026-01-14 23:00:00,445.95533333333333
2026-01-15 00:00:00,434.0
2026-01-15 01:00:00,429.7647058823529
2026-01-15 02:00:00,423.56302521008405
2026-01-15 03:00:00,419.34453781512605
2026-01-15 04:00:00,419.39495798319325
2026-01-15 05:00:00,417.24369747899163
2026-01-15 06:00:00,415.2941176470588
2026-01-15 07:00:00,414.11764705882354
2026-01-15 08:00:00,404.11764705882354
2026-01-15 09:00:00,400.672268907563
2026-01-15 10:00:00,392.4705882352941
2026-01-15 11:00:00,388.6386554621849
2026-01-15 12:00:00,381.9495798319328
2026-01-15 13:00:00,377.2268907563025
2026-01-15 14:00:00,376.0
2026-01-15 15:00:00,378.6890756302521
2026-01-15 16:00:00,389.6638655462185
2026-01-15 17:00:00,389.1428571428571
2026-01-15 18:00:00,390.43697478991595
2026-01-15 19:00:00,386.65546218487395
2026-01-15 20:00:00,387.2773109243698
2026-01-15 21:00:00,383.7647058823529
2026-01-15 22:00:00,380.6890756302521
2026-01-15 23:00:00,375.24369747899163
2026-01-16 00:00:00,367.4621848739496
2026-01-16 01:00:00,367.09243697478996
2026-01-16 02:00:00,361.4621848739496
2026-01-16 03:00:00,362.218487394958
2026-01-16 04:00:00,364.82352941176464
2026-01-16 05:00:00,365.52941176470586
2026-01-16 06:00:00,363.327731092437
2026-01-16 07:00:00,367.68067226890753
2026-01-16 08:00:00,368.4873949579832
2026-01-16 09:00:00,366.3697478991597
2026-01-16 10:00:00,363.1428571428571
2026-01-16 11:00:00,360.0
2026-01-16 12:00:00,364.3529411764706
2026-01-16 13:00:00,362.4201680672269
2026-01-16 14:00:00,365.42857142857144
2026-01-16 15:00:00,366.5378151260504
2026-01-16 16:00:00,388.57142857142856
2026-01-16 17:00:00,390.9075630252101
2026-01-16 18:00:00,396.82352941176475
2026-01-16 19:00:00,400.7731092436975
2026-01-16 20:00:00,400.30252100840335
2026-01-16 21:00:00,396.7058823529412
2026-01-16 22:00:00,394.5882352941177
2026-01-16 23:00:00,391.3109243697479
2026-01-17 00:00:00,394.70588235294116
2026-01-17 01:00:00,392.94117647058823
2026-01-17 02:00:00,396.11764705882354
2026-01-17 03:00:00,403.7142857142857
2026-01-17 04:00:00,410.2521008403361
2026-01-17 05:00:00,413.78151260504205
2026-01-17 06:00:00,418.9075630252101
2026-01-17 07:00:00,422.47058823529414
2026-01-17 08:00:00,425.52941176470586
2026-01-17 09:00:00,418.0840336134454
2026-01-17 10:00:00,413.2773109243698
2026-01-17 11:00:00,411.1428571428571
2026-01-17 12:00:00,405.8151260504202
2026-01-17 13:00:00,404.47058823529414
2026-01-17 14:00:00,405.15966386554624
2026-01-17 15:00:00,413.2941176470588
2026-01-17 16:00:00,423.69747899159665
2026-01-17 17:00:00,435.6470588235294
2026-01-17 18:00:00,445.0924369747899
2026-01-17 19:00:00,454.2689075630252
2026-01-17 20:00:00,461.71428571428567
2026-01-17 21:00:00,465.7142857142857
2026-01-17 22:00:00,465.6470588235294
2026-01-17 23:00:00,466.7058823529412
2026-01-18 00:00:00,493.93277310924367
2026-01-18 01:00:00,496.03361344537814
2026-01-18 02:00:00,497.3109243697479
2026-01-18 03:00:00,504.33613445378154
2026-01-18 04:00:00,511.42857142857144
2026-01-18 05:00:00,523.7647058823529
2026-01-18 06:00:00,537.6806722689075
2026-01-18 07:00:00,547.0588235294118
2026-01-18 08:00:00,545.9159663865546
2026-01-18 09:00:00,536.5378151260504
2026-01-18 10:00:00,522.8571428571429
2026-01-18 11:00:00,511.6638655462185
2026-01-18 12:00:00,504.2352941176471
2026-01-18 13:00:00,497.42857142857144
2026-01-18 14:00:00,505.4621848739496
2026-01-18 15:00:00,518.0168067226891
2026-01-18 16:00:00,552.5546218487395
2026-01-18 17:00:00,572.7731092436975
2026-01-18 18:00:00,593.781512605042
2026-01-18 19:00:00,617.6470588235294
2026-01-18 20:00:00,628.6050420168067
2026-01-18 21:00:00,629.4789915966387
2026-01-18 22:00:00,624.4873949579832
2026-01-18 23:00:00,616.1680672268908
2026-01-19 00:00:00,613.5798319327731
2026-01-19 01:00:00,610.5546218487395
2026-01-19 02:00:00,615.5294117647059
2026-01-19 03:00:00,623.1596638655462
2026-01-19 04:00:00,635.563025210084
2026-01-19 05:00:00,646.8235294117648
2026-01-19 06:00:00,658.8571428571428
2026-01-19 07:00:00,677.4117647058823
2026-01-19 08:00:00,678.3193277310925
2026-01-19 09:00:00,658.1176470588235
2026-01-19 10:00:00,634.453781512605
2026-01-19 11:00:00,610.3193277310925
2026-01-19 12:00:00,599.8655462184873
2026-01-19 13:00:00,600.2689075630252
2026-01-19 14:00:00,604.7394957983194
2026-01-19 15:00:00,620.4705882352941
2026-01-19 16:00:00,647.5294117647059
2026-01-19 17:00:00,671.7310924369748
2026-01-19 18:00:00,684.7731092436975
2026-01-19 19:00:00,693.9495798319329
2026-01-19 20:00:00,695.5630252100841
2026-01-19 21:00:00,681.3109243697479
2026-01-19 22:00:00,674.6890756302521
2026-01-19 23:00:00,668.0
2026-01-20 00:00:00,679.67
2026-01-20 01:00:00,674.4518333333333
2026-01-20 02:00:00,675.3536666666666
2026-01-20 03:00:00,682.5676666666667
2026-01-20 04:00:00,687.9593333333333
2026-01-20 05:00:00,710.0041541660295
2026-01-20 06:00:00,724.817
2026-01-20 07:00:00,740.1461666666667
2026-01-20 08:00:00,731.3205
2026-01-20 09:00:00,715.2733333333333
2026-01-20 10:00:00,649.829
2026-01-20 11:00:00,622.043
2026-01-20 12:00:00,621.0523333333333
2026-01-20 13:00:00,565.1175000000001
2026-01-20 14:00:00,588.6428333333333
2026-01-20 15:00:00,597.5597799977688
2026-01-20 16:00:00,600.7230000000001
2026-01-20 17:00:00,624.1931666666667
2026-01-20 18:00:00,638.8953333333333
2026-01-20 19:00:00,674.9448333333333
2026-01-20 20:00:00,681.2574999999999
2026-01-20 21:00:00,671.4606666666666
2026-01-20 22:00:00,660.23
2026-01-20 23:00:00,660.1166666666667
2026-01-21 00:00:00,649.6686666666667
2026-01-21 01:00:00,640.218905898073
2026-01-21 02:00:00,639.1178333333334
2026-01-21 03:00:00,655.5183333333333
2026-01-21 04:00:00,654.941
2026-01-21 05:00:00,670.3786666666666
2026-01-21 06:00:00,663.3101666666666
2026-01-21 07:00:00,680.7665
2026-01-21 08:00:00,683.247985645933
2026-01-21 09:00:00,602.7536666666666
2026-01-21 10:00:00,589.5976666666667
2026-01-21 11:00:00,556.6119639378699
2026-01-21 12:00:00,542.4183333333333
2026-01-21 13:00:00,567.2488333333333
2026-01-21 14:00:00,559.9973333333334
2026-01-21 15:00:00,557.4748333333333
2026-01-21 16:00:00,621.578
2026-01-21 17:00:00,645.9242619047619
2026-01-21 18:00:00,653.2855
2026-01-21 19:00:00,679.7721666666666
2026-01-21 20:00:00,672.3683333333333
2026-01-21 21:00:00,652.6241666666667
2026-01-21 22:00:00,656.5741666666667
2026-01-21 23:00:00,636.3396666666667
2026-01-22 00:00:00,638.7525
2026-01-22 01:00:00,697.92
2026-01-22 02:00:00,694.5343333333333
2026-01-22 03:00:00,717.8971666666666
2026-01-22 04:00:00,717.3391666666666
2026-01-22 05:00:00,745.653
2026-01-22 06:00:00,779.0503333333334
2026-01-22 07:00:00,774.0721666666667
2026-01-22 08:00:00,771.3566666666667
2026-01-22 09:00:00,760.33985
2026-01-22 10:00:00,717.319
2026-01-22 11:00:00,662.1315
2026-01-22 12:00:00,629.7286666666666
2026-01-22 13:00:00,621.8026666666667
2026-01-22 14:00:00,631.9696666666667
2026-01-22 15:00:00,669.1636666666667
2026-01-22 16:00:00,706.9950000000001
2026-01-22 17:00:00,727.5196666666666
2026-01-22 18:00:00,742.8495
2026-01-22 19:00:00,738.8101666666666
2026-01-22 20:00:00,725.7188333333334
2026-01-22 21:00:00,723.5672642507736
2026-01-22 22:00:00,664.3175
2026-01-22 23:00:00,677.2856666666667
2026-01-23 00:00:00,658.8915000000001
2026-01-23 01:00:00,662.4884999999999
2026-01-23 02:00:00,664.1793333333334
2026-01-23 03:00:00,672.1988333333334
2026-01-23 04:00:00,689.4246666666667
2026-01-23 05:00:00,710.2433333333333
2026-01-23 06:00:00,698.8631666666666
2026-01-23 07:00:00,727.4335
2026-01-23 08:00:00,720.5313644688645
2026-01-23 09:00:00,715.0535897435897
2026-01-23 10:00:00,694.3326666666667
2026-01-23 11:00:00,679.9304999999999
2026-01-23 12:00:00,653.4515
2026-01-23 13:00:00,634.232
2026-01-23 14:00:00,626.9623333333333
2026-01-23 15:00:00,670.5616666666667
2026-01-23 16:00:00,662.3958333333334
2026-01-23 17:00:00,709.4736666666666
2026-01-23 18:00:00,704.1415
2026-01-23 19:00:00,676.8516666666667
2026-01-23 20:00:00,692.0753333333333
2026-01-23 21:00:00,703.9836666666666
2026-01-23 22:00:00,682.7145
2026-01-23 23:00:00,670.0503333333334
2026-01-24 00:00:00,662.983
2026-01-24 01:00:00,669.1606666666667
2026-01-24 02:00:00,648.4201666666667
2026-01-24 03:00:00,682.7315
2026-01-24 04:00:00,674.477
2026-01-24 05:00:00,683.3201666666666
2026-01-24 06:00:00,687.302
2026-01-24 07:00:00,741.7431666666666
2026-01-24 08:00:00,758.0103333333333
2026-01-24 09:00:00,738.6473333333333
2026-01-24 10:00:00,722.62
2026-01-24 11:00:00,657.1205
2026-01-24 12:00:00,661.9165
2026-01-24 13:00:00,663.7406666666667
2026-01-24 14:00:00,656.8646666666667
2026-01-24 15:00:00,676.3595
2026-01-24 16:00:00,698.7595
2026-01-24 17:00:00,756.6916666666666
2026-01-24 18:00:00,773.2531666666666
2026-01-24 19:00:00,795.8808333333334
2026-01-24 20:00:00,778.554
2026-01-24 21:00:00,798.5068333333334
2026-01-24 22:00:00,805.8486666666666
2026-01-24 23:00:00,807.3485
2026-01-25 00:00:00,797.6551666666667
2026-01-25 01:00:00,789.7198333333333
2026-01-25 02:00:00,808.1708333333333
2026-01-25 03:00:00,796.3978333333333
2026-01-25 04:00:00,820.5446666666667
2026-01-25 05:00:00,828.4601666666666
2026-01-25 06:00:00,857.5181666666667
2026-01-25 07:00:00,866.9461666666667
2026-01-25 08:00:00,907.9525
2026-01-25 09:00:00,934.4386666666667
2026-01-25 10:00:00,913.8778333333333
2026-01-25 11:00:00,888.7280000000001
2026-01-25 12:00:00,891.048
2026-01-25 13:00:00,901.3438333333334
2026-01-25 14:00:00,883.8516666666667
2026-01-25 15:00:00,867.3340000000001
2026-01-25 16:00:00,874.2471666666667
2026-01-25 17:00:00,882.6523333333333
2026-01-25 18:00:00,870.1935
2026-01-25 19:00:00,890.8378333333334
2026-01-25 20:00:00,874.0548333333334
2026-01-25 21:00:00,882.9778333333334
2026-01-25 22:00:00,870.75
2026-01-25 23:00:00,846.8874999999999
2026-01-26 00:00:00,824.5138333333333
2026-01-26 01:00:00,825.4476666666667
2026-01-26 02:00:00,840.6096666666667
2026-01-26 03:00:00,852.3925
2026-01-26 04:00:00,860.28
2026-01-26 05:00:00,879.0471666666667
2026-01-26 06:00:00,892.0363333333333
2026-01-26 07:00:00,902.1168333333334
2026-01-26 08:00:00,905.6495
2026-01-26 09:00:00,921.811
2026-01-26 10:00:00,936.0505
2026-01-26 11:00:00,902.7965
2026-01-26 12:00:00,922.1448333333333
2026-01-26 13:00:00,911.8603333333333
2026-01-26 14:00:00,922.042
2026-01-26 15:00:00,932.1718333333333
2026-01-26 16:00:00,926.3786666666666
2026-01-26 17:00:00,930.9201666666667
2026-01-26 18:00:00,934.9691666666666
2026-01-26 19:00:00,918.5768333333333
2026-01-26 20:00:00,921.399
2026-01-26 21:00:00,913.5645
2026-01-26 22:00:00,897.8791666666667
2026-01-26 23:00:00,860.7445
2026-01-27 00:00:00,861.4221666666667
2026-01-27 01:00:00,857.6513333333334
2026-01-27 02:00:00,849.2025
2026-01-27 03:00:00,841.0250000000001
2026-01-27 04:00:00,836.2828333333333
2026-01-27 05:00:00,874.429
2026-01-27 06:00:00,870.0944999999999
2026-01-27 07:00:00,878.0461666666667
2026-01-27 08:00:00,876.3679999999999
2026-01-27 09:00:00,876.5141666666666
2026-01-27 10:00:00,864.0283333333333
2026-01-27 11:00:00,828.4300000000001
2026-01-27 12:00:00,837.5033333333333
2026-01-27 13:00:00,803.3168333333333
2026-01-27 14:00:00,799.6776666666667
2026-01-27 15:00:00,823.5136666666666
2026-01-27 16:00:00,855.4145
2026-01-27 17:00:00,848.4051666666667
2026-01-27 18:00:00,851.4211666666666
2026-01-27 19:00:00,853.6683333333333
2026-01-27 20:00:00,807.4361666666666
2026-01-27 21:00:00,792.5928333333334
2026-01-27 22:00:00,762.7931666666666
2026-01-27 23:00:00,739.8498333333333
2026-01-28 00:00:00,725.6486666666667
2026-01-28 01:00:00,708.2743333333333
2026-01-28 02:00:00,708.8485000000001
2026-01-28 03:00:00,708.3751666666667
2026-01-28 04:00:00,740.22
2026-01-28 05:00:00,766.1725
2026-01-28 06:00:00,776.6485
2026-01-28 07:00:00,806.6805
2026-01-28 08:00:00,819.4705
2026-01-28 09:00:00,808.4281666666667
2026-01-28 10:00:00,798.5581666666667
2026-01-28 11:00:00,790.0015
2026-01-28 12:00:00,805.0911666666666
2026-01-28 13:00:00,803.4308333333333
2026-01-28 14:00:00,839.2866296296296
2026-01-28 15:00:00,886.8251666666666
2026-01-28 16:00:00,910.2515744680851
2026-01-28 17:00:00,920.3433333333334
2026-01-28 18:00:00,942.406
2026-01-28 19:00:00,940.0195
2026-01-28 20:00:00,956.5938333333334
2026-01-28 21:00:00,950.6861666666667
2026-01-28 22:00:00,937.2523333333334
2026-01-28 23:00:00,928.4653333333333
2026-01-29 00:00:00,917.1175000000001
2026-01-29 01:00:00,701.147
2026-01-29 02:00:00,698.9398333333334
2026-01-29 03:00:00,723.616
2026-01-29 04:00:00,720.6273333333334
2026-01-29 05:00:00,724.419
2026-01-29 06:00:00,765.134
2026-01-29 07:00:00,776.4648333333333
2026-01-29 08:00:00,782.6055
2026-01-29 09:00:00,779.2045
2026-01-29 10:00:00,757.937
2026-01-29 11:00:00,755.8101666666666
2026-01-29 12:00:00,780.3281666666667
2026-01-29 13:00:00,765.9493333333334
2026-01-29 14:00:00,767.942
2026-01-29 15:00:00,774.3791666666666
2026-01-29 16:00:00,790.4110000000001
2026-01-29 17:00:00,790.4765
2026-01-29 18:00:00,779.2536666666667
2026-01-29 19:00:00,789.831
2026-01-29 20:00:00,767.9875
2026-01-29 21:00:00,768.6605000000001
2026-01-29 22:00:00,754.435
2026-01-29 23:00:00,741.1958333333333
2026-01-30 00:00:00,747.5411666666666
2026-01-30 01:00:00,754.61
2026-01-30 02:00:00,736.8473333333334
2026-01-30 03:00:00,739.3276666666667
2026-01-30 04:00:00,754.3053333333334
2026-01-30 05:00:00,748.366
2026-01-30 06:00:00,768.8078333333333
2026-01-30 07:00:00,789.9241666666667
2026-01-30 08:00:00,759.6958333333333
2026-01-30 09:00:00,751.4288333333334
2026-01-30 10:00:00,707.9995
2026-01-30 11:00:00,677.2685
2026-01-30 12:00:00,675.3028333333333
2026-01-30 13:00:00,652.8415
2026-01-30 14:00:00,634.3365
2026-01-30 15:00:00,646.054
2026-01-30 16:00:00,699.336
2026-01-30 17:00:00,704.0731666666667
2026-01-30 18:00:00,742.6211666666667
2026-01-30 19:00:00,769.7081666666667
2026-01-30 20:00:00,760.7035
2026-01-30 21:00:00,751.6028333333334
2026-01-30 22:00:00,738.091
2026-01-30 23:00:00,687.2868333333333
2026-01-31 00:00:00,670.4716666666667
2026-01-31 01:00:00,662.9315
2026-01-31 02:00:00,657.226
2026-01-31 03:00:00,648.404
2026-01-31 04:00:00,638.6526666666666
2026-01-31 05:00:00,639.0231666666667
2026-01-31 06:00:00,647.1835
2026-01-31 07:00:00,663.8826666666666
2026-01-31 08:00:00,679.4876666666667
2026-01-31 09:00:00,645.4853333333333
2026-01-31 10:00:00,658.058
2026-01-31 11:00:00,651.2631666666666
2026-01-31 12:00:00,625.5665
2026-01-31 13:00:00,600.9616666666666
2026-01-31 14:00:00,602.2188333333334
2026-01-31 15:00:00,612.1443333333333
2026-01-31 16:00:00,612.5615
2026-01-31 17:00:00,621.2731666666666
2026-01-31 18:00:00,618.5536666666667
2026-01-31 19:00:00,619.2521666666667
2026-01-31 20:00:00,628.653
2026-01-31 21:00:00,635.6323333333333
2026-01-31 22:00:00,614.4459999999999
2026-01-31 23:00:00,616.5378333333333
2026-02-01 00:00:00,605.08
2026-02-01 01:00:00,595.2235000000001
2026-02-01 02:00:00,605.9701666666667
2026-02-01 03:00:00,613.5391666666667
2026-02-01 04:00:00,610.1646666666667
2026-02-01 05:00:00,621.9283333333333
2026-02-01 06:00:00,632.6403333333333
2026-02-01 07:00:00,666.4035
2026-02-01 08:00:00,664.7556666666667
2026-02-01 09:00:00,668.43
2026-02-01 10:00:00,628.5535
2026-02-01 11:00:00,642.6358333333334
2026-02-01 12:00:00,630.2748333333334
2026-02-01 13:00:00,556.6558333333334
2026-02-01 14:00:00,625.8838333333333
2026-02-01 15:00:00,627.4898333333333
2026-02-01 16:00:00,633.4891666666667
2026-02-01 17:00:00,631.2788333333333
2026-02-01 18:00:00,626.9706666666667
2026-02-01 19:00:00,642.3578333333334
2026-02-01 20:00:00,650.387
2026-02-01 21:00:00,638.8631666666666
2026-02-01 22:00:00,628.5858333333333
2026-02-01 23:00:00,599.3406666666667
2026-02-02 00:00:00,594.082
2026-02-02 01:00:00,592.7958333333333
2026-02-02 02:00:00,594.143
2026-02-02 03:00:00,594.4733333333334
2026-02-02 04:00:00,596.4628333333334
2026-02-02 05:00:00,629.2971666666667
2026-02-02 06:00:00,633.3561666666667
2026-02-02 07:00:00,657.3806666666667
2026-02-02 08:00:00,660.7703333333334
2026-02-02 09:00:00,591.2835
2026-02-02 10:00:00,567.1926666666667
2026-02-02 11:00:00,543.8173333333333
2026-02-02 12:00:00,551.0793333333334
2026-02-02 13:00:00,555.8081666666667
2026-02-02 14:00:00,555.9506666666666
2026-02-02 15:00:00,605.6669999999999
2026-02-02 16:00:00,641.7601666666667
2026-02-02 17:00:00,682.9390000000001
2026-02-02 18:00:00,690.9313333333333
2026-02-02 19:00:00,720.8541666666666
2026-02-02 20:00:00,731.2878333333333
2026-02-02 21:00:00,723.84
2026-02-02 22:00:00,694.8623333333334
2026-02-02 23:00:00,675.7971666666667
2026-02-03 00:00:00,665.655
2026-02-03 01:00:00,882.4275
2026-02-03 02:00:00,914.0578333333333
2026-02-03 03:00:00,920.8173333333333
2026-02-03 04:00:00,950.9553333333333
2026-02-03 05:00:00,992.8683333333333
2026-02-03 06:00:00,982.8833333333333
2026-02-03 07:00:00,1009.7865
2026-02-03 08:00:00,1027.7573333333332
2026-02-03 09:00:00,1024.3195
2026-02-03 10:00:00,974.1170000000001
2026-02-03 11:00:00,993.1875
2026-02-03 12:00:00,1021.2938333333334
2026-02-03 13:00:00,1009.3621666666667
2026-02-03 14:00:00,1022.2775
2026-02-03 15:00:00,1007.0021666666667
2026-02-03 16:00:00,1018.7566666666667
2026-02-03 17:00:00,1014.3975
2026-02-03 18:00:00,1044.1023333333333
2026-02-03 19:00:00,1017.556
2026-02-03 20:00:00,994.201
2026-02-03 21:00:00,955.061
2026-02-03 22:00:00,919.494
2026-02-03 23:00:00,886.6883333333333
2026-02-04 00:00:00,845.0993333333333
2026-02-04 01:00:00,842.1063333333334
2026-02-04 02:00:00,831.0825
2026-02-04 03:00:00,824.4928333333334
2026-02-04 04:00:00,831.0015
2026-02-04 05:00:00,865.6351666666667
2026-02-04 06:00:00,893.2386666666666
2026-02-04 07:00:00,899.525
2026-02-04 08:00:00,857.6265
2026-02-04 09:00:00,779.8211666666666
2026-02-04 10:00:00,751.6721666666666
2026-02-04 11:00:00,697.3544999999999
2026-02-04 12:00:00,674.1175
2026-02-04 13:00:00,709.7823333333333
2026-02-04 14:00:00,675.3328333333334
2026-02-04 15:00:00,663.0033333333333
2026-02-04 16:00:00,736.6271666666667
2026-02-04 17:00:00,805.0305000000001
2026-02-04 18:00:00,806.2333333333333
2026-02-04 19:00:00,839.5726666666667
2026-02-04 20:00:00,856.3496666666666
2026-02-04 21:00:00,859.2413333333334
2026-02-04 22:00:00,870.3941666666667
2026-02-04 23:00:00,856.2908333333334
2026-02-05 00:00:00,862.6521666666666
2026-02-05 01:00:00,855.2956666666666
2026-02-05 02:00:00,856.308
2026-02-05 03:00:00,861.3906666666667
2026-02-05 04:00:00,883.7136666666667
2026-02-05 05:00:00,892.7221666666667
2026-02-05 06:00:00,917.6115
2026-02-05 07:00:00,940.2975
2026-02-05 08:00:00,914.744
2026-02-05 09:00:00,903.3276666666667
2026-02-05 10:00:00,853.888
2026-02-05 11:00:00,816.9031515151515
2026-02-05 12:00:00,774.1903333333333
2026-02-05 13:00:00,767.898831372549
2026-02-05 14:00:00,760.9021666666666
2026-02-05 15:00:00,781.6793333333334
2026-02-05 16:00:00,816.9286666666667
2026-02-05 17:00:00,857.2123333333334
2026-02-05 18:00:00,879.5021666666667
2026-02-05 19:00:00,881.4613333333333
2026-02-05 20:00:00,862.306
2026-02-05 21:00:00,844.8848333333333
2026-02-05 22:00:00,846.1626666666666
2026-02-05 23:00:00,838.7786666666667
2026-02-06 00:00:00,823.7068333333333
2026-02-06 01:00:00,754.6088333333333
2026-02-06 02:00:00,761.599
2026-02-06 03:00:00,786.1251666666667
2026-02-06 04:00:00,767.3345
2026-02-06 05:00:00,794.9475
2026-02-06 06:00:00,770.7841666666667
2026-02-06 07:00:00,808.8525
2026-02-06 08:00:00,816.6286666666666
2026-02-06 09:00:00,808.0681666666667
2026-02-06 10:00:00,757.1821666666667
2026-02-06 11:00:00,730.3718333333334
2026-02-06 12:00:00,742.3956666666667
2026-02-06 13:00:00,714.9043333333333
2026-02-06 14:00:00,707.5115
2026-02-06 15:00:00,708.0291666666667
2026-02-06 16:00:00,735.3728333333333
2026-02-06 17:00:00,778.7238333333332
2026-02-06 18:00:00,726.4923333333334
2026-02-06 19:00:00,728.5266666666666
2026-02-06 20:00:00,712.7858333333334
2026-02-06 21:00:00,696.5295
2026-02-06 22:00:00,677.1295
2026-02-06 23:00:00,648.1446666666667
2026-02-07 00:00:00,632.2645
2026-02-07 01:00:00,701.3868333333334
2026-02-07 02:00:00,691.9145
2026-02-07 03:00:00,699.521
2026-02-07 04:00:00,688.8123333333333
2026-02-07 05:00:00,687.3393333333333
2026-02-07 06:00:00,692.6495
2026-02-07 07:00:00,753.6091666666666
2026-02-07 08:00:00,724.7538333333333
2026-02-07 09:00:00,693.1906666666666
2026-02-07 10:00:00,658.0323333333333
2026-02-07 11:00:00,626.689
2026-02-07 12:00:00,614.7281666666667
2026-02-07 13:00:00,594.6568333333333
2026-02-07 14:00:00,556.9351666666666
2026-02-07 15:00:00,566.0821666666666
2026-02-07 16:00:00,626.8243333333334
2026-02-07 17:00:00,672.646
2026-02-07 18:00:00,672.9291666666667
2026-02-07 19:00:00,667.9536666666667
2026-02-07 20:00:00,701.8591666666666
2026-02-07 21:00:00,687.497
2026-02-07 22:00:00,696.1498333333333
2026-02-07 23:00:00,675.6568333333333
2026-02-08 00:00:00,672.5398333333333
2026-02-08 01:00:00,663.3381666666667
2026-02-08 02:00:00,687.7598333333333
2026-02-08 03:00:00,696.8301666666666
2026-02-08 04:00:00,637.6633333333333
2026-02-08 05:00:00,642.7463333333333
2026-02-08 06:00:00,671.8176666666667
2026-02-08 07:00:00,693.5889999999999
2026-02-08 08:00:00,716.938
2026-02-08 09:00:00,705.8726666666666
2026-02-08 10:00:00,698.8340000000001
2026-02-08 11:00:00,673.9961666666667
2026-02-08 12:00:00,653.2043333333334
2026-02-08 13:00:00,621.0041666666666
2026-02-08 14:00:00,603.9683333333334
2026-02-08 15:00:00,639.672
2026-02-08 16:00:00,656.4423333333334
2026-02-08 17:00:00,702.1406666666667
2026-02-08 18:00:00,726.9033333333333
2026-02-08 19:00:00,731.2611666666667
2026-02-08 20:00:00,732.0343333333334
2026-02-08 21:00:00,738.0951666666667
2026-02-08 22:00:00,740.2058333333333
2026-02-08 23:00:00,719.8828333333333
2026-02-09 00:00:00,735.823
2026-02-09 01:00:00,744.2461666666667
2026-02-09 02:00:00,763.47
2026-02-09 03:00:00,783.3791666666666
2026-02-09 04:00:00,885.856
2026-02-09 05:00:00,938.236
2026-02-09 06:00:00,949.0798333333333
2026-02-09 07:00:00,971.1216666666667
2026-02-09 08:00:00,928.0273333333333
2026-02-09 09:00:00,874.5886666666667
2026-02-09 10:00:00,806.9063333333334
2026-02-09 11:00:00,712.0751666666666
2026-02-09 12:00:00,747.6635
2026-02-09 13:00:00,737.5705
2026-02-09 14:00:00,741.4043333333334
2026-02-09 15:00:00,745.5698333333333
2026-02-09 16:00:00,783.6903333333333
2026-02-09 17:00:00,811.7265
2026-02-09 18:00:00,829.3083333333333
2026-02-09 19:00:00,837.5509999999999
2026-02-09 20:00:00,839.3636666666666
2026-02-09 21:00:00,845.1866666666667
2026-02-09 22:00:00,792.4193333333333
2026-02-09 23:00:00,777.3835
2026-02-10 00:00:00,774.7083333333334
2026-02-10 01:00:00,784.7665
2026-02-10 02:00:00,758.3985
2026-02-10 03:00:00,784.0028333333333
2026-02-10 04:00:00,765.9268333333333
2026-02-10 05:00:00,789.9858333333333
2026-02-10 06:00:00,809.26
2026-02-10 07:00:00,803.3818333333334
2026-02-10 08:00:00,795.5936666666666
2026-02-10 09:00:00,688.7508333333334
2026-02-10 10:00:00,689.7706343873517
2026-02-10 11:00:00,712.343
2026-02-10 12:00:00,690.9819954954955
2026-02-10 13:00:00,658.1154523809523
2026-02-10 14:00:00,686.0384519774011
2026-02-10 15:00:00,639.3534999999999
2026-02-10 16:00:00,678.6101666666666
2026-02-10 17:00:00,686.7096666666666
2026-02-10 18:00:00,709.5633333333333
2026-02-10 19:00:00,687.4643333333333
2026-02-10 20:00:00,671.7473333333334
2026-02-10 21:00:00,624.013
2026-02-10 22:00:00,615.9466666666667
2026-02-10 23:00:00,592.1633333333333
2026-02-11 00:00:00,571.046
2026-02-11 01:00:00,614.5659999999999
2026-02-11 02:00:00,603.1853218390804
2026-02-11 03:00:00,600.422
2026-02-11 04:00:00,613.4966666666667
2026-02-11 05:00:00,608.0781666666667
2026-02-11 06:00:00,628.0778333333333
2026-02-11 07:00:00,641.3091666666667
2026-02-11 08:00:00,645.6370000000001
2026-02-11 09:00:00,616.2690566037736
2026-02-11 10:00:00,609.859
2026-02-11 11:00:00,625.962
2026-02-11 12:00:00,607.4255
2026-02-11 13:00:00,624.7289999999999
2026-02-11 14:00:00,628.05
2026-02-11 15:00:00,584.0315
2026-02-11 16:00:00,652.8176666666667
2026-02-11 17:00:00,690.1116666666667
2026-02-11 18:00:00,682.3735
2026-02-11 19:00:00,724.0013333333334
2026-02-11 20:00:00,708.381
2026-02-11 21:00:00,694.8026666666667
2026-02-11 22:00:00,656.1001666666666
2026-02-11 23:00:00,664.6131666666666
2026-02-12 00:00:00,641.2355
2026-02-12 01:00:00,630.775675341763
2026-02-12 02:00:00,628.3906666666667
2026-02-12 03:00:00,655.3935
2026-02-12 04:00:00,652.7715000000001
2026-02-12 05:00:00,654.544
2026-02-12 06:00:00,662.7911666666666
2026-02-12 07:00:00,672.2675
2026-02-12 08:00:00,668.1418333333334
2026-02-12 09:00:00,679.193
2026-02-12 10:00:00,673.096
2026-02-12 11:00:00,675.2433333333333
2026-02-12 12:00:00,722.3105
2026-02-12 13:00:00,698.716
2026-02-12 14:00:00,696.64
2026-02-12 15:00:00,689.4525
2026-02-12 16:00:00,714.2996666666667
2026-02-12 17:00:00,727.4131666666667
2026-02-12 18:00:00,729.3473333333334
2026-02-12 19:00:00,738.8633333333333
2026-02-12 20:00:00,723.7075
2026-02-12 21:00:00,712.6983333333334
2026-02-12 22:00:00,685.2553333333333
2026-02-12 23:00:00,685.4571666666667
2026-02-13 00:00:00,671.6758333333333
2026-02-13 01:00:00,688.4056666666667
2026-02-13 02:00:00,695.9461666666666
2026-02-13 03:00:00,728.4259999999999
2026-02-13 04:00:00,714.013
2026-02-13 05:00:00,738.7871666666666
2026-02-13 06:00:00,779.7915
2026-02-13 07:00:00,779.4838333333333
2026-02-13 08:00:00,800.4278333333333
2026-02-13 09:00:00,815.1946666666666
2026-02-13 10:00:00,845.504
2026-02-13 11:00:00,826.5201666666667
2026-02-13 12:00:00,826.7038333333334
2026-02-13 13:00:00,809.269
2026-02-13 14:00:00,858.6198333333333
2026-02-13 15:00:00,890.3213333333333
2026-02-13 16:00:00,914.0313333333334
2026-02-13 17:00:00,974.0228333333333
2026-02-13 18:00:00,976.2415
2026-02-13 19:00:00,997.462
2026-02-13 20:00:00,1005.2348333333333
2026-02-13 21:00:00,1008.7173333333333
2026-02-13 22:00:00,996.3611666666667
2026-02-13 23:00:00,979.1093333333333
2026-02-14 00:00:00,982.3546666666666
2026-02-14 01:00:00,936.8065
2026-02-14 02:00:00,915.2015
2026-02-14 03:00:00,945.778
2026-02-14 04:00:00,936.72
2026-02-14 05:00:00,960.936
2026-02-14 06:00:00,982.1261666666667
2026-02-14 07:00:00,1034.563
2026-02-14 08:00:00,1084.6601666666666
2026-02-14 09:00:00,1078.757
2026-02-14 10:00:00,1078.4301666666668
2026-02-14 11:00:00,1087.3648333333333
2026-02-14 12:00:00,1053.4515
2026-02-14 13:00:00,1074.9096666666667
2026-02-14 14:00:00,1115.5168333333334
2026-02-14 15:00:00,1108.0315
2026-02-14 16:00:00,1112.9425
2026-02-14 17:00:00,1130.287670995671
2026-02-14 18:00:00,1111.4305
2026-02-14 19:00:00,1118.5183333333332
2026-02-14 20:00:00,1122.3991666666666
2026-02-14 21:00:00,1127.9134523809523
2026-02-14 22:00:00,1153.3483333333334
2026-02-14 23:00:00,1123.0185
2026-02-15 00:00:00,1145.7314999999999
2026-02-15 01:00:00,1248.9985
2026-02-15 02:00:00,1261.0316666666668
2026-02-15 03:00:00,1285.9395
2026-02-15 04:00:00,1293.3951666666667
2026-02-15 05:00:00,1299.1955
2026-02-15 06:00:00,1322.1208333333334
2026-02-15 07:00:00,1347.4881666666665
2026-02-15 08:00:00,1328.5488333333333
2026-02-15 09:00:00,1341.6548333333333
2026-02-15 10:00:00,1282.0598333333332
2026-02-15 11:00:00,1261.3471666666667
2026-02-15 12:00:00,1234.245
2026-02-15 13:00:00,1196.7073333333333
2026-02-15 14:00:00,1218.9636666666665
2026-02-15 15:00:00,1211.8545
2026-02-15 16:00:00,1228.9193333333333
2026-02-15 17:00:00,1229.902
2026-02-15 18:00:00,1253.7853333333333
2026-02-15 19:00:00,1256.7731666666666
2026-02-15 20:00:00,1262.9296666666667
2026-02-15 21:00:00,1243.289
2026-02-15 22:00:00,1237.2448333333334
2026-02-15 23:00:00,1222.0335
2026-02-16 00:00:00,1190.6865
2026-02-16 01:00:00,1194.3411666666666
2026-02-16 02:00:00,1157.7936666666667
2026-02-16 03:00:00,1146.2981666666667
2026-02-16 04:00:00,1119.8766666666668
2026-02-16 05:00:00,1074.6886666666667
2026-02-16 06:00:00,1080.1203333333333
2026-02-16 07:00:00,1095.873
2026-02-16 08:00:00,1072.4858333333332
2026-02-16 09:00:00,1067.018
2026-02-16 10:00:00,1040.7388333333333
2026-02-16 11:00:00,1005.2683333333333
2026-02-16 12:00:00,1003.9961666666667
2026-02-16 13:00:00,1030.1533333333334
2026-02-16 14:00:00,1065.51
2026-02-16 15:00:00,1064.029
2026-02-16 16:00:00,1077.7766666666666
2026-02-16 17:00:00,1073.5766666666666
2026-02-16 18:00:00,1081.3711666666666
2026-02-16 19:00:00,1086.8671666666667
2026-02-16 20:00:00,1054.6645
2026-02-16 21:00:00,1073.5466666666666
2026-02-16 22:00:00,1033.2031666666667
2026-02-16 23:00:00,1033.3795
2026-02-17 00:00:00,999.3023333333333
2026-02-17 01:00:00,1016.8846666666667
2026-02-17 02:00:00,989.6141666666666
2026-02-17 03:00:00,1007.2703333333334
2026-02-17 04:00:00,995.917
2026-02-17 05:00:00,1013.357
2026-02-17 06:00:00,1019.8535
2026-02-17 07:00:00,1010.3109999999999
2026-02-17 08:00:00,1028.1388333333334
2026-02-17 09:00:00,1028.9913333333334
2026-02-17 10:00:00,1023.3432424242424
2026-02-17 11:00:00,1014.0962857142857
2026-02-17 12:00:00,988.885
2026-02-17 13:00:00,982.9605
2026-02-17 14:00:00,981.7271666666667
2026-02-17 15:00:00,927.3816666666667
2026-02-17 16:00:00,942.1248333333333
2026-02-17 17:00:00,971.3296666666666
2026-02-17 18:00:00,979.131
2026-02-17 19:00:00,981.489
2026-02-17 20:00:00,959.381
2026-02-17 21:00:00,964.8045
2026-02-17 22:00:00,951.7103333333333
2026-02-17 23:00:00,939.1998333333333
2026-02-18 00:00:00,940.5796666666666
2026-02-18 01:00:00,928.8818333333334
2026-02-18 02:00:00,928.4540000000001
2026-02-18 03:00:00,930.131
2026-02-18 04:00:00,951.6383333333333
2026-02-18 05:00:00,979.7876666666667
2026-02-18 06:00:00,1003.1295
2026-02-18 07:00:00,999.2883333333333
2026-02-18 08:00:00,973.9888333333333
2026-02-18 09:00:00,992.651
2026-02-18 10:00:00,981.6595
2026-02-18 11:00:00,962.7023333333333
2026-02-18 12:00:00,910.5201666666667
2026-02-18 13:00:00,917.8200435203095
2026-02-18 14:00:00,918.7228333333334
2026-02-18 15:00:00,937.1851666666666
2026-02-18 16:00:00,977.8383333333334
2026-02-18 17:00:00,1044.7515
2026-02-18 18:00:00,1039.3801666666666
2026-02-18 19:00:00,1057.3258333333333
2026-02-18 20:00:00,1051.5055
2026-02-18 21:00:00,1022.1923333333334
2026-02-18 22:00:00,1030.5548333333334
2026-02-18 23:00:00,998.7581666666667
2026-02-19 00:00:00,1001.2651666666667
2026-02-19 01:00:00,979.3402828282829
2026-02-19 02:00:00,971.7755
2026-02-19 03:00:00,1003.8505
2026-02-19 04:00:00,1063.0186666666666
2026-02-19 05:00:00,1065.4536666666668
2026-02-19 06:00:00,1078.165
2026-02-19 07:00:00,1108.5808974358974
2026-02-19 08:00:00,1104.7188333333334
2026-02-19 09:00:00,1136.5528333333334
2026-02-19 10:00:00,1145.4548333333332
2026-02-19 11:00:00,1128.5145
2026-02-19 12:00:00,1113.5729999999999
2026-02-19 13:00:00,1076.3845
2026-02-19 14:00:00,1094.2216666666666
2026-02-19 15:00:00,1093.7385
2026-02-19 16:00:00,1087.1341666666667
2026-02-19 17:00:00,1100.6796666666667
2026-02-19 18:00:00,1093.1354999999999
2026-02-19 19:00:00,1091.2471666666668
2026-02-19 20:00:00,1090.1896666666667
2026-02-19 21:00:00,1065.013
2026-02-19 22:00:00,1042.9568333333334
2026-02-19 23:00:00,1043.2426666666668
2026-02-20 00:00:00,1051.4043333333334
2026-02-20 01:00:00,1052.5615
2026-02-20 02:00:00,1066.026
2026-02-20 03:00:00,1083.2051666666666
2026-02-20 04:00:00,1100.3206666666667
2026-02-20 05:00:00,1114.8776666666668
2026-02-20 06:00:00,1119.4898333333333
2026-02-20 07:00:00,1119.3656666666666
2026-02-20 08:00:00,1123.471
2026-02-20 09:00:00,1110.7215
2026-02-20 10:00:00,1094.6693333333333
2026-02-20 11:00:00,1091.8053333333332
2026-02-20 12:00:00,1076.1058333333333
2026-02-20 13:00:00,1074.629
2026-02-20 14:00:00,1035.8063333333334
2026-02-20 15:00:00,1030.16
2026-02-20 16:00:00,1041.4545
2026-02-20 17:00:00,1032.8368333333333
2026-02-20 18:00:00,1009.0456666666666
2026-02-20 19:00:00,1001.5188333333333
2026-02-20 20:00:00,976.939
2026-02-20 21:00:00,951.0446666666667
2026-02-20 22:00:00,934.5455
2026-02-20 23:00:00,886.2326666666667
2026-02-21 00:00:00,837.4021666666666
2026-02-21 01:00:00,822.1753333333334
2026-02-21 02:00:00,792.0766666666666
2026-02-21 03:00:00,795.4663333333333
2026-02-21 04:00:00,773.872
2026-02-21 05:00:00,788.79
2026-02-21 06:00:00,764.0951666666666
2026-02-21 07:00:00,771.8816666666667
2026-02-21 08:00:00,778.52
2026-02-21 09:00:00,771.5944999999999
2026-02-21 10:00:00,755.1875
2026-02-21 11:00:00,738.1445
2026-02-21 12:00:00,754.8768333333334
2026-02-21 13:00:00,747.6698333333334
2026-02-21 14:00:00,740.7643333333333
2026-02-21 15:00:00,739.2726666666667
2026-02-21 16:00:00,725.7201666666666
2026-02-21 17:00:00,725.4026666666666
2026-02-21 18:00:00,722.0733333333333
2026-02-21 19:00:00,711.7574999999999
2026-02-21 20:00:00,706.4473333333333
2026-02-21 21:00:00,687.3271666666667
2026-02-21 22:00:00,652.8766666666667
2026-02-21 23:00:00,650.0435
2026-02-22 00:00:00,616.1686666666667
2026-02-22 01:00:00,613.0361666666666
2026-02-22 02:00:00,602.5681666666667
2026-02-22 03:00:00,588.1001666666667
2026-02-22 04:00:00,588.5443333333334
2026-02-22 05:00:00,578.2798333333333
2026-02-22 06:00:00,577.1945000000001
2026-02-22 07:00:00,599.505
2026-02-22 08:00:00,588.0
2026-02-22 09:00:00,602.5626666666667
2026-02-22 10:00:00,614.8781666666666
2026-02-22 11:00:00,612.9023333333333
2026-02-22 12:00:00,610.4798333333333
2026-02-22 13:00:00,618.5108333333334
2026-02-22 14:00:00,622.5245
2026-02-22 15:00:00,635.1943333333334
2026-02-22 16:00:00,641.5055
2026-02-22 17:00:00,651.8476666666667
2026-02-22 18:00:00,637.9045
2026-02-22 19:00:00,637.0886666666667
2026-02-22 20:00:00,614.8763333333334
2026-02-22 21:00:00,607.077
2026-02-22 22:00:00,600.3473333333334
2026-02-22 23:00:00,565.982
2026-02-23 00:00:00,587.3208333333333
2026-02-23 01:00:00,570.2853333333334
2026-02-23 02:00:00,566.8151666666666
2026-02-23 03:00:00,579.5253333333334
2026-02-23 04:00:00,585.5551666666667
2026-02-23 05:00:00,602.1565
2026-02-23 06:00:00,615.9603333333333
2026-02-23 07:00:00,623.0648333333334
2026-02-23 08:00:00,635.0323333333333
2026-02-23 09:00:00,626.9418333333333
2026-02-23 10:00:00,637.8245303030303
2026-02-23 11:00:00,612.827
2026-02-23 12:00:00,621.5196666666667
2026-02-23 13:00:00,612.4963333333333
2026-02-23 14:00:00,628.4658333333333
2026-02-23 15:00:00,626.1593333333333
2026-02-23 16:00:00,640.9406666666666
2026-02-23 17:00:00,660.7435
2026-02-23 18:00:00,650.5311666666666
2026-02-23 19:00:00,657.3803333333333
2026-02-23 20:00:00,639.0673333333333
2026-02-23 21:00:00,616.8761666666667
2026-02-23 22:00:00,611.5795
2026-02-23 23:00:00,593.8703333333333
2026-02-24 00:00:00,589.9375
2026-02-24 01:00:00,583.8171666666667
2026-02-24 02:00:00,568.5283333333333
2026-02-24 03:00:00,580.7413333333334
2026-02-24 04:00:00,583.3786666666666
2026-02-24 05:00:00,597.9236666666667
2026-02-24 06:00:00,594.824
2026-02-24 07:00:00,586.4748333333333
2026-02-24 08:00:00,589.026
2026-02-24 09:00:00,571.2221666666667
2026-02-24 10:00:00,573.1643333333334
2026-02-24 11:00:00,574.9658333333333
2026-02-24 12:00:00,574.089
2026-02-24 13:00:00,568.0945
2026-02-24 14:00:00,565.7235000000001
2026-02-24 15:00:00,587.1525
2026-02-24 16:00:00,604.223
2026-02-24 17:00:00,600.6128333333334
2026-02-24 18:00:00,605.0416666666666
2026-02-24 19:00:00,614.7853333333334
2026-02-24 20:00:00,597.7633333333333
2026-02-24 21:00:00,570.452
2026-02-24 22:00:00,575.095
2026-02-24 23:00:00,546.8315
2026-02-25 00:00:00,519.8283333333334
2026-02-25 01:00:00,530.6307560934999
2026-02-25 02:00:00,534.2531666666666
2026-02-25 03:00:00,540.4598333333333
2026-02-25 04:00:00,555.6568333333333
2026-02-25 05:00:00,569.2905
2026-02-25 06:00:00,563.9028333333333
2026-02-25 07:00:00,575.8333333333334
2026-02-25 08:00:00,549.499
2026-02-25 09:00:00,553.1276666666666
2026-02-25 10:00:00,511.302
2026-02-25 11:00:00,480.69166666666666
2026-02-25 12:00:00,465.874196969697
2026-02-25 13:00:00,429.3833333333333
2026-02-25 14:00:00,418.0536666666667
2026-02-25 15:00:00,421.7888333333333
2026-02-25 16:00:00,454.16083333333336
2026-02-25 17:00:00,487.82416666666666
2026-02-25 18:00:00,506.13666666666666
2026-02-25 19:00:00,503.3135
2026-02-25 20:00:00,508.587
2026-02-25 21:00:00,484.98900000000003
2026-02-25 22:00:00,480.70000000000005
2026-02-25 23:00:00,466.4323333333333
2026-02-26 00:00:00,475.62202083333335
2026-02-26 01:00:00,434.2656666666667
2026-02-26 02:00:00,439.57216666666665
2026-02-26 03:00:00,446.1898333333333
2026-02-26 04:00:00,463.78433333333334
2026-02-26 05:00:00,481.50016666666664
2026-02-26 06:00:00,512.1998636363636
2026-02-26 07:00:00,518.1778333333333
2026-02-26 08:00:00,482.3670505050505
2026-02-26 09:00:00,472.56666666666666
2026-02-26 10:00:00,433.4001666666667
2026-02-26 11:00:00,411.66116666666665
2026-02-26 12:00:00,392.09616666666665
2026-02-26 13:00:00,396.119
2026-02-26 14:00:00,389.2583333333333
2026-02-26 15:00:00,377.2568333333333
2026-02-26 16:00:00,382.24833333333333
2026-02-26 17:00:00,439.666
2026-02-26 18:00:00,476.82599999999996
2026-02-26 19:00:00,453.79766666666666
2026-02-26 20:00:00,468.73830769230767
2026-02-26 21:00:00,451.817
2026-02-26 22:00:00,424.997
2026-02-26 23:00:00,419.05533333333335
2026-02-27 00:00:00,430.99016666666665
2026-02-27 01:00:00,426.5253333333333
2026-02-27 02:00:00,429.45666666666665
2026-02-27 03:00:00,444.36783333333335
2026-02-27 04:00:00,438.44866666666667
2026-02-27 05:00:00,460.78183333333334
2026-02-27 06:00:00,475.78083333333336
2026-02-27 07:00:00,453.1301666666667
2026-02-27 08:00:00,436.4095
2026-02-27 09:00:00,405.17266666666666
2026-02-27 10:00:00,363.769
2026-02-27 11:00:00,355.3081666666667
2026-02-27 12:00:00,351.03166666666664
2026-02-27 13:00:00,346.9583333333333
2026-02-27 14:00:00,347.4433333333333
2026-02-27 15:00:00,351.11266666666666
2026-02-27 16:00:00,362.67216666666667
2026-02-27 17:00:00,395.80333333333334
2026-02-27 18:00:00,380.7495
2026-02-27 19:00:00,402.0971666666667
2026-02-27 20:00:00,424.47516666666667
2026-02-27 21:00:00,392.85583333333335
2026-02-27 22:00:00,408.9153333333333
2026-02-27 23:00:00,398.2708333333333
2026-02-28 00:00:00,388.8068333333333
2026-02-28 01:00:00,388.546
2026-02-28 02:00:00,389.49766666666665
2026-02-28 03:00:00,400.73516666666666
2026-02-28 04:00:00,393.9653333333333
2026-02-28 05:00:00,404.92983333333336
2026-02-28 06:00:00,419.1526666666667
2026-02-28 07:00:00,445.1515
2026-02-28 08:00:00,444.3435
2026-02-28 09:00:00,428.151
2026-02-28 10:00:00,450.6815
2026-02-28 11:00:00,469.0901666666667
2026-02-28 12:00:00,414.3655
2026-02-28 13:00:00,442.62466666666666
2026-02-28 14:00:00,477.442
2026-02-28 15:00:00,472.635
2026-02-28 16:00:00,497.974
2026-02-28 17:00:00,513.3635
2026-02-28 18:00:00,528.7053333333333
2026-02-28 19:00:00,506.01783333333333
2026-02-28 20:00:00,529.489
2026-02-28 21:00:00,516.6503333333334
2026-02-28 22:00:00,519.012
2026-02-28 23:00:00,504.22700000000003
2026-03-01 00:00:00,516.841
2026-03-01 01:00:00,530.0253333333333
2026-03-01 02:00:00,528.95
2026-03-01 03:00:00,547.2063333333333
2026-03-01 04:00:00,557.9261666666666
2026-03-01 05:00:00,551.633
2026-03-01 06:00:00,568.7356666666667
2026-03-01 07:00:00,570.463
2026-03-01 08:00:00,576.5405
2026-03-01 09:00:00,546.5165
2026-03-01 10:00:00,505.16016666666667
2026-03-01 11:00:00,496.15183333333334
2026-03-01 12:00:00,474.7386666666667
2026-03-01 13:00:00,475.56216666666666
2026-03-01 14:00:00,441.1085
2026-03-01 15:00:00,487.14616666666666
2026-03-01 16:00:00,494.8408333333333
2026-03-01 17:00:00,514.7963333333333
2026-03-01 18:00:00,529.7891666666667
2026-03-01 19:00:00,536.7481666666666
2026-03-01 20:00:00,544.0338333333333
2026-03-01 21:00:00,524.967
2026-03-01 22:00:00,504.6325
2026-03-01 23:00:00,507.044
2026-03-02 00:00:00,506.2361666666667
2026-03-02 01:00:00,491.417
2026-03-02 02:00:00,514.049
2026-03-02 03:00:00,519.8281666666667
2026-03-02 04:00:00,538.8453333333333
2026-03-02 05:00:00,552.5456666666666
2026-03-02 06:00:00,549.9446666666666
2026-03-02 07:00:00,544.5161666666667
2026-03-02 08:00:00,485.8095
2026-03-02 09:00:00,425.0131666666667
2026-03-02 10:00:00,414.8566666666667
2026-03-02 11:00:00,400.4003333333333
2026-03-02 12:00:00,378.49192307692306
2026-03-02 13:00:00,388.4945
2026-03-02 14:00:00,358.7688333333333
2026-03-02 15:00:00,366.52666666666664
2026-03-02 16:00:00,410.8435
2026-03-02 17:00:00,442.09666666666664
2026-03-02 18:00:00,483.65816666666666
2026-03-02 19:00:00,495.80766666666665
2026-03-02 20:00:00,483.5913888888889
2026-03-02 21:00:00,450.2311666666667
2026-03-02 22:00:00,450.90566666666666
2026-03-02 23:00:00,450.1325
2026-03-03 00:00:00,440.0303333333333
2026-03-03 01:00:00,457.13283333333334
2026-03-03 02:00:00,450.3736666666667
2026-03-03 03:00:00,456.795
2026-03-03 04:00:00,477.64483333333334
2026-03-03 05:00:00,482.13149999999996
2026-03-03 06:00:00,516.1541666666667
2026-03-03 07:00:00,481.03933333333333
2026-03-03 08:00:00,425.206
2026-03-03 09:00:00,411.61133333333333
2026-03-03 10:00:00,368.72383333333335
2026-03-03 11:00:00,335.47133333333335
2026-03-03 12:00:00,333.0065
2026-03-03 13:00:00,355.6918333333333
2026-03-03 14:00:00,358.33299999999997
2026-03-03 15:00:00,318.07466666666664
2026-03-03 16:00:00,369.14933333333335
2026-03-03 17:00:00,425.1995
2026-03-03 18:00:00,452.92400000000004
2026-03-03 19:00:00,472.5238333333333
2026-03-03 20:00:00,480.4311666666667
2026-03-03 21:00:00,467.41266666666667
2026-03-03 22:00:00,462.05716666666666
2026-03-03 23:00:00,452.40666666666664
2026-03-04 00:00:00,457.3036666666667
2026-03-04 01:00:00,463.3088333333333
2026-03-04 02:00:00,451.63033333333334
2026-03-04 03:00:00,462.36533333333335
2026-03-04 04:00:00,500.1186666666666
2026-03-04 05:00:00,514.8290000000001
2026-03-04 06:00:00,520.568
2026-03-04 07:00:00,508.2701666666667
2026-03-04 08:00:00,463.63416666666666
2026-03-04 09:00:00,404.36766666666665
2026-03-04 10:00:00,406.6145
2026-03-04 11:00:00,373.76483333333334
2026-03-04 12:00:00,364.7505
2026-03-04 13:00:00,350.8645
2026-03-04 14:00:00,324.15416666666664
2026-03-04 15:00:00,355.59866666666665
2026-03-04 16:00:00,369.1975
2026-03-04 17:00:00,414.78583333333336
2026-03-04 18:00:00,461.906
2026-03-04 19:00:00,460.3035
2026-03-04 20:00:00,438.509
2026-03-04 21:00:00,461.4455
2026-03-04 22:00:00,448.11983333333336
2026-03-04 23:00:00,434.6761666666667
2026-03-05 00:00:00,436.8205
2026-03-05 01:00:00,459.1048333333333
2026-03-05 02:00:00,459.4228333333333
2026-03-05 03:00:00,468.0045
2026-03-05 04:00:00,479.0070580198304
2026-03-05 05:00:00,495.2399958114163
2026-03-05 06:00:00,512.9651666666666
2026-03-05 07:00:00,494.1400421780635
2026-03-05 08:00:00,465.4096666666667
2026-03-05 09:00:00,408.2808333333333
2026-03-05 10:00:00,369.431
2026-03-05 11:00:00,325.22516666666667
2026-03-05 12:00:00,329.47633333333334
2026-03-05 13:00:00,324.0688333333333
2026-03-05 14:00:00,310.585
2026-03-05 15:00:00,311.963
2026-03-05 16:00:00,363.3265
2026-03-05 17:00:00,373.5455
2026-03-05 18:00:00,421.9931666666667
2026-03-05 19:00:00,443.6325
2026-03-05 20:00:00,409.02566666666667
2026-03-05 21:00:00,392.99016666666665
2026-03-05 22:00:00,419.11283333333336
2026-03-05 23:00:00,417.53183333333334
2026-03-06 00:00:00,413.65233333333333
2026-03-06 01:00:00,391.2153333333333
2026-03-06 02:00:00,398.3428333333333
2026-03-06 03:00:00,414.753
2026-03-06 04:00:00,433.1281666666667
2026-03-06 05:00:00,492.16683333333333
2026-03-06 06:00:00,466.89099999999996
2026-03-06 07:00:00,428.5235
2026-03-06 08:00:00,425.3863333333333
2026-03-06 09:00:00,381.77233333333334
2026-03-06 10:00:00,332.90483333333333
2026-03-06 11:00:00,317.19666666666666
2026-03-06 12:00:00,311.07755072463766
2026-03-06 13:00:00,307.15333333333336
2026-03-06 14:00:00,296.4678888888889
2026-03-06 15:00:00,295.7246666666667
2026-03-06 16:00:00,316.63118393234674
2026-03-06 17:00:00,322.748375
2026-03-06 18:00:00,422.7957984496124
2026-03-06 19:00:00,415.049
2026-03-06 20:00:00,407.13166666666666
2026-03-06 21:00:00,402.6918333333333
2026-03-06 22:00:00,397.5027881355932
2026-03-06 23:00:00,414.6915
2026-03-07 00:00:00,401.7645
2026-03-07 01:00:00,396.116
2026-03-07 02:00:00,400.73866666666663
2026-03-07 03:00:00,430.88733333333334
2026-03-07 04:00:00,420.84618616895835
2026-03-07 05:00:00,422.75016666666664
2026-03-07 06:00:00,453.3711666666667
2026-03-07 07:00:00,476.79383333333334
2026-03-07 08:00:00,418.51366666666667
2026-03-07 09:00:00,377.48016666666666
2026-03-07 10:00:00,373.4601666666667
2026-03-07 11:00:00,340.5031666666667
2026-03-07 12:00:00,302.63666666666666
2026-03-07 13:00:00,298.04533333333336
2026-03-07 14:00:00,310.45483333333334
2026-03-07 15:00:00,304.82466666666664
2026-03-07 16:00:00,307.625
2026-03-07 17:00:00,348.132
2026-03-07 18:00:00,367.0328333333333
2026-03-07 19:00:00,360.2555
2026-03-07 20:00:00,407.04533333333336
2026-03-07 21:00:00,392.12033333333335
2026-03-07 22:00:00,378.49516666666665
2026-03-07 23:00:00,397.272
2026-03-08 00:00:00,394.1555
2026-03-08 01:00:00,386.422
2026-03-08 02:00:00,378.6475
2026-03-08 03:00:00,399.8693333333333
2026-03-08 04:00:00,408.1718333333333
2026-03-08 05:00:00,401.2688333333333
2026-03-08 06:00:00,440.16516666666666
2026-03-08 07:00:00,436.96916666666664
2026-03-08 08:00:00,407.97316666666666
2026-03-08 09:00:00,373.69166666666666
2026-03-08 10:00:00,355.88283333333334
2026-03-08 11:00:00,324.34416666666664
2026-03-08 12:00:00,307.0038333333333
2026-03-08 13:00:00,310.89033333333333
2026-03-08 14:00:00,282.06183333333337
2026-03-08 15:00:00,296.8775
2026-03-08 16:00:00,314.36466666666666
2026-03-08 17:00:00,330.9495
2026-03-08 18:00:00,398.90999999999997
2026-03-08 19:00:00,410.9438333333333
2026-03-08 20:00:00,423.70166666666665
2026-03-08 21:00:00,378.76283333333333
2026-03-08 22:00:00,380.41133333333335
2026-03-08 23:00:00,402.48783333333336
2026-03-09 00:00:00,381.5285
2026-03-09 01:00:00,370.35249999999996
2026-03-09 02:00:00,386.1125
2026-03-09 03:00:00,402.1558333333333
2026-03-09 04:00:00,405.67699999999996
2026-03-09 05:00:00,427.2005
2026-03-09 06:00:00,448.1105
2026-03-09 07:00:00,399.77575925925925
2026-03-09 08:00:00,379.3073333333333
2026-03-09 09:00:00,344.71583333333336
2026-03-09 10:00:00,313.3186666666667
2026-03-09 11:00:00,306.34433333333334
2026-03-09 12:00:00,282.8833333333333
2026-03-09 13:00:00,265.81783333333334
2026-03-09 14:00:00,243.6505
2026-03-09 15:00:00,274.29466666666667
2026-03-09 16:00:00,293.35433333333333
2026-03-09 17:00:00,341.0971666666667
2026-03-09 18:00:00,367.6345
2026-03-09 19:00:00,400.67566666666664
2026-03-09 20:00:00,380.92533333333336
2026-03-09 21:00:00,363.79983333333337
2026-03-09 22:00:00,375.62166666666667
2026-03-09 23:00:00,364.5303333333333
2026-03-10 00:00:00,392.64683333333335
2026-03-10 01:00:00,368.843
2026-03-10 02:00:00,353.07733333333334
2026-03-10 03:00:00,376.8736666666667
2026-03-10 04:00:00,395.7134163813977
2026-03-10 05:00:00,401.24199999999996
2026-03-10 06:00:00,405.721
2026-03-10 07:00:00,394.69933333333336
2026-03-10 08:00:00,365.7008333333333
2026-03-10 09:00:00,324.56783333333334
2026-03-10 10:00:00,311.1065
2026-03-10 11:00:00,283.345
2026-03-10 12:00:00,296.516
2026-03-10 13:00:00,281.00800000000004
2026-03-10 14:00:00,284.2525
2026-03-10 15:00:00,300.80333333333334
2026-03-10 16:00:00,348.99733333333336
2026-03-10 17:00:00,366.2151666666667
2026-03-10 18:00:00,366.3208333333333
2026-03-10 19:00:00,349.5828333333333
2026-03-10 20:00:00,345.54616666666664
2026-03-10 21:00:00,360.0895
2026-03-10 22:00:00,339.80833333333334
2026-03-10 23:00:00,349.8795
2026-03-11 00:00:00,340.1545
2026-03-11 01:00:00,333.0896666666667
2026-03-11 02:00:00,347.97816666666665
2026-03-11 03:00:00,351.37033333333335
2026-03-11 04:00:00,364.67152113773625
2026-03-11 05:00:00,365.64566666666667
2026-03-11 06:00:00,392.2121666666667
2026-03-11 07:00:00,426.3075
2026-03-11 08:00:00,385.03933333333333
2026-03-11 09:00:00,365.94916666666666
2026-03-11 10:00:00,364.1045
2026-03-11 11:00:00,385.97933333333333
2026-03-11 12:00:00,418.8925
2026-03-11 13:00:00,406.222
2026-03-11 14:00:00,409.89416666666665
2026-03-11 15:00:00,427.3793333333333
2026-03-11 16:00:00,451.06066666666663
2026-03-11 17:00:00,444.36733333333336
2026-03-11 18:00:00,467.11766666666665
2026-03-11 19:00:00,462.49583333333334
2026-03-11 20:00:00,446.4895
2026-03-11 21:00:00,453.43516666666665
2026-03-11 22:00:00,425.9015
2026-03-11 23:00:00,449.59866666666665
2026-03-12 00:00:00,441.82849999999996
2026-03-12 01:00:00,424.8805
2026-03-12 02:00:00,426.45916666666665
2026-03-12 03:00:00,473.8125
2026-03-12 04:00:00,485.0528333333333
2026-03-12 05:00:00,488.8793333333333
2026-03-12 06:00:00,506.84183333333334
2026-03-12 07:00:00,499.557165916598
2026-03-12 08:00:00,454.33233333333334
2026-03-12 09:00:00,457.04966666666667
2026-03-12 10:00:00,444.7891666666667
2026-03-12 11:00:00,416.41133333333335
2026-03-12 12:00:00,443.9931666666667
2026-03-12 13:00:00,397.1425
2026-03-12 14:00:00,388.4898333333333
2026-03-12 15:00:00,388.2865
2026-03-12 16:00:00,456.08316666666667
2026-03-12 17:00:00,461.08566666666667
2026-03-12 18:00:00,473.671
2026-03-12 19:00:00,489.58983333333333
2026-03-12 20:00:00,462.47883333333334
2026-03-12 21:00:00,461.0708333333333
2026-03-12 22:00:00,445.21633333333335
2026-03-12 23:00:00,460.1355
2026-03-13 00:00:00,448.108
2026-03-13 01:00:00,442.9771666666667
2026-03-13 02:00:00,435.8288333333333
2026-03-13 03:00:00,462.9531666666667
2026-03-13 04:00:00,449.0695
2026-03-13 05:00:00,493.4025
2026-03-13 06:00:00,487.8953333333333
2026-03-13 07:00:00,449.97016666666667
2026-03-13 08:00:00,449.48266666666666
2026-03-13 09:00:00,455.27
2026-03-13 10:00:00,453.45899999999995
2026-03-13 11:00:00,482.64033333333333
2026-03-13 12:00:00,475.2675
2026-03-13 13:00:00,482.0185
2026-03-13 14:00:00,512.1918333333333
2026-03-13 15:00:00,517.207
2026-03-13 16:00:00,548.9131666666667
2026-03-13 17:00:00,531.0635
2026-03-13 18:00:00,568.2561666666667
2026-03-13 19:00:00,582.3131666666667
2026-03-13 20:00:00,572.4856666666667
2026-03-13 21:00:00,555.7321666666667
2026-03-13 22:00:00,556.7441666666666
2026-03-13 23:00:00,554.7726666666666
2026-03-14 00:00:00,532.3323333333333
2026-03-14 01:00:00,523.004
2026-03-14 02:00:00,533.1236666666666
2026-03-14 03:00:00,555.0978333333334
2026-03-14 04:00:00,551.1678333333333
2026-03-14 05:00:00,561.1548333333334
2026-03-14 06:00:00,592.1093333333333
2026-03-14 07:00:00,620.4791666666666
2026-03-14 08:00:00,611.4018333333333
2026-03-14 09:00:00,652.262
2026-03-14 10:00:00,664.7023333333334
2026-03-14 11:00:00,664.2981666666667
2026-03-14 12:00:00,686.5716666666667
2026-03-14 13:00:00,686.5778333333334
2026-03-14 14:00:00,668.6168333333334
2026-03-14 15:00:00,673.7455
2026-03-14 16:00:00,650.7180000000001
2026-03-14 17:00:00,662.6398333333333
2026-03-14 18:00:00,667.7051666666666
2026-03-14 19:00:00,672.0253333333333
2026-03-14 20:00:00,671.7608333333334
2026-03-14 21:00:00,668.3098333333334
2026-03-14 22:00:00,606.434
2026-03-14 23:00:00,619.3875
2026-03-15 00:00:00,638.886
2026-03-15 01:00:00,661.932
2026-03-15 02:00:00,616.2276666666667
2026-03-15 03:00:00,630.2758333333334
2026-03-15 04:00:00,632.5346666666667
2026-03-15 05:00:00,654.7226666666667
2026-03-15 06:00:00,646.1201666666667
2026-03-15 07:00:00,626.9615
2026-03-15 08:00:00,645.7388333333333
2026-03-15 09:00:00,656.4895
2026-03-15 10:00:00,641.5551666666667
2026-03-15 11:00:00,591.7343333333333
2026-03-15 12:00:00,570.0623333333333
2026-03-15 13:00:00,544.5038333333333
2026-03-15 14:00:00,590.7376666666667
2026-03-15 15:00:00,561.0985
2026-03-15 16:00:00,574.4845
2026-03-15 17:00:00,595.4513333333333
2026-03-15 18:00:00,614.2605
2026-03-15 19:00:00,646.2555
2026-03-15 20:00:00,599.1695
2026-03-15 21:00:00,603.135
2026-03-15 22:00:00,595.4473333333333
2026-03-15 23:00:00,602.5509999999999
2026-03-16 00:00:00,595.9895
2026-03-16 01:00:00,595.5863333333333
2026-03-16 02:00:00,585.4173333333333
2026-03-16 03:00:00,581.0031666666666
2026-03-16 04:00:00,576.5545
2026-03-16 05:00:00,632.6836666666667
2026-03-16 06:00:00,665.5458333333333
2026-03-16 07:00:00,641.5985000000001
2026-03-16 08:00:00,611.3858333333334
2026-03-16 09:00:00,581.9336666666667
2026-03-16 10:00:00,584.8556666666667
2026-03-16 11:00:00,567.2821666666666
2026-03-16 12:00:00,553.7311666666667
2026-03-16 13:00:00,519.9751666666666
2026-03-16 14:00:00,555.6128333333334
2026-03-16 15:00:00,550.972
2026-03-16 16:00:00,545.197
2026-03-16 17:00:00,560.2935
2026-03-16 18:00:00,611.6815
2026-03-16 19:00:00,632.9206666666666
2026-03-16 20:00:00,626.2231666666667
2026-03-16 21:00:00,627.7356666666667
2026-03-16 22:00:00,619.5186666666666
2026-03-16 23:00:00,578.172
2026-03-17 00:00:00,578.1316666666667
2026-03-17 01:00:00,568.3243333333332
2026-03-17 02:00:00,564.3778333333333
2026-03-17 03:00:00,576.211
2026-03-17 04:00:00,586.7276666666667
2026-03-17 05:00:00,592.3798333333333
2026-03-17 06:00:00,568.9451666666666
2026-03-17 07:00:00,583.8911666666667
2026-03-17 08:00:00,566.5798333333333
2026-03-17 09:00:00,539.6963333333333
2026-03-17 10:00:00,524.9008333333334
2026-03-17 11:00:00,531.2255
2026-03-17 12:00:00,519.9813333333334
2026-03-17 13:00:00,524.7738333333334
2026-03-17 14:00:00,497.104
2026-03-17 15:00:00,496.3958333333333
2026-03-17 16:00:00,511.88233333333335
2026-03-17 17:00:00,543.2213333333334
2026-03-17 18:00:00,549.6075
2026-03-17 19:00:00,564.193
2026-03-17 20:00:00,530.3745
2026-03-17 21:00:00,527.8226666666667
2026-03-17 22:00:00,524.1388333333333
2026-03-17 23:00:00,518.1663333333333
2026-03-18 00:00:00,497.7638333333333
2026-03-18 01:00:00,508.46433333333334
2026-03-18 02:00:00,515.8638333333333
2026-03-18 03:00:00,533.7215
2026-03-18 04:00:00,541.2391666666666
2026-03-18 05:00:00,569.9458333333333
2026-03-18 06:00:00,564.0053333333333
2026-03-18 07:00:00,698.6671666666666
2026-03-18 08:00:00,655.6538333333333
2026-03-18 09:00:00,629.1143333333333
2026-03-18 10:00:00,606.7653333333334
2026-03-18 11:00:00,542.918
2026-03-18 12:00:00,514.1793333333334
2026-03-18 13:00:00,496.3016666666667
2026-03-18 14:00:00,456.2005
2026-03-18 15:00:00,483.05133333333333
2026-03-18 16:00:00,475.93233333333336
2026-03-18 17:00:00,532.1133333333333
2026-03-18 18:00:00,569.0951666666667
2026-03-18 19:00:00,581.7245
2026-03-18 20:00:00,581.257
2026-03-18 21:00:00,572.3346666666666
2026-03-18 22:00:00,597.8291666666667
2026-03-18 23:00:00,598.5648333333334
2026-03-19 00:00:00,615.7330000000001
2026-03-19 01:00:00,617.6775
2026-03-19 02:00:00,639.6756666666666
2026-03-19 03:00:00,662.4621666666667
2026-03-19 04:00:00,680.8566666666667
2026-03-19 05:00:00,710.2995
2026-03-19 06:00:00,709.948
2026-03-19 07:00:00,649.4665
2026-03-19 08:00:00,590.032
2026-03-19 09:00:00,553.8673333333334
2026-03-19 10:00:00,492.506
2026-03-19 11:00:00,467.5828333333333
2026-03-19 12:00:00,440.1835
2026-03-19 13:00:00,428.27166666666665
2026-03-19 14:00:00,396.65883333333335
2026-03-19 15:00:00,397.12733333333335
2026-03-19 16:00:00,445.8525
2026-03-19 17:00:00,498.31600000000003
2026-03-19 18:00:00,520.2323333333334
2026-03-19 19:00:00,537.8715
2026-03-19 20:00:00,576.1768333333333
2026-03-19 21:00:00,540.2161666666667
2026-03-19 22:00:00,553.8303333333333
2026-03-19 23:00:00,569.5448333333334
2026-03-20 00:00:00,566.7158333333333
2026-03-20 01:00:00,561.698
2026-03-20 02:00:00,568.1563333333334
2026-03-20 03:00:00,614.1496666666667
2026-03-20 04:00:00,609.9613333333333
2026-03-20 05:00:00,605.6473333333333
2026-03-20 06:00:00,653.0081666666666
2026-03-20 07:00:00,626.5005
2026-03-20 08:00:00,601.1701666666667
2026-03-20 09:00:00,569.267
2026-03-20 10:00:00,572.3695
2026-03-20 11:00:00,494.13216666666665
2026-03-20 12:00:00,492.861
2026-03-20 13:00:00,463.7985
2026-03-20 14:00:00,469.3301666666666
2026-03-20 15:00:00,452.95416666666665
2026-03-20 16:00:00,475.13166666666666
2026-03-20 17:00:00,489.4186666666667
2026-03-20 18:00:00,569.92
2026-03-20 19:00:00,568.3663333333333
2026-03-20 20:00:00,581.1345
2026-03-20 21:00:00,566.756
2026-03-20 22:00:00,587.8721666666667
2026-03-20 23:00:00,602.6101666666667
2026-03-21 00:00:00,584.653
2026-03-21 01:00:00,565.9231666666667
2026-03-21 02:00:00,580.2975
2026-03-21 03:00:00,593.0883333333334
2026-03-21 04:00:00,625.9735
2026-03-21 05:00:00,651.1033333333334
2026-03-21 06:00:00,640.3948333333333
2026-03-21 07:00:00,645.1448333333334
2026-03-21 08:00:00,609.5851666666667
2026-03-21 09:00:00,571.9951666666667
2026-03-21 10:00:00,569.2633333333333
2026-03-21 11:00:00,546.2371666666667
2026-03-21 12:00:00,503.06716666666665
2026-03-21 13:00:00,488.4941666666667
2026-03-21 14:00:00,472.2246666666667
2026-03-21 15:00:00,482.1048333333333
2026-03-21 16:00:00,537.2173333333334
2026-03-21 17:00:00,559.173
2026-03-21 18:00:00,583.4173333333333
2026-03-21 19:00:00,590.9751666666667
2026-03-21 20:00:00,596.8956666666667
2026-03-21 21:00:00,601.1828333333333
2026-03-21 22:00:00,584.7888333333333
2026-03-21 23:00:00,570.7743333333333
2026-03-22 00:00:00,599.403
2026-03-22 01:00:00,585.3681666666666
2026-03-22 02:00:00,595.6378333333333
2026-03-22 03:00:00,589.6403333333333
2026-03-22 04:00:00,637.4253333333334
2026-03-22 05:00:00,634.0653333333333
2026-03-22 06:00:00,655.7166666666667
2026-03-22 07:00:00,621.5903333333333
2026-03-22 08:00:00,583.7953333333334
2026-03-22 09:00:00,551.5256666666667
2026-03-22 10:00:00,533.5301666666667
2026-03-22 11:00:00,516.7983333333333
2026-03-22 12:00:00,471.2878333333333
2026-03-22 13:00:00,445.70633333333336
2026-03-22 14:00:00,425.2203333333333
2026-03-22 15:00:00,437.5985
2026-03-22 16:00:00,455.3845
2026-03-22 17:00:00,529.4586666666667
2026-03-22 18:00:00,547.891
2026-03-22 19:00:00,541.7916666666666
2026-03-22 20:00:00,529.4525
2026-03-22 21:00:00,543.9998333333333
2026-03-22 22:00:00,595.6138333333333
2026-03-22 23:00:00,539.4103333333333
2026-03-23 00:00:00,536.9895
2026-03-23 01:00:00,523.8995
2026-03-23 02:00:00,534.991
2026-03-23 03:00:00,530.3076666666667
2026-03-23 04:00:00,575.125
2026-03-23 05:00:00,598.9315
2026-03-23 06:00:00,615.924
2026-03-23 07:00:00,563.2244751625626
2026-03-23 08:00:00,517.8181666666667
2026-03-23 09:00:00,502.2125
2026-03-23 10:00:00,439.18033333333335
2026-03-23 11:00:00,430.7849545454545
2026-03-23 12:00:00,382.4095
2026-03-23 13:00:00,392.2315
2026-03-23 14:00:00,365.3105
2026-03-23 15:00:00,407.6038520408163
2026-03-23 16:00:00,440.3233696261113
2026-03-23 17:00:00,427.80899999999997
2026-03-23 18:00:00,484.52666666666664
2026-03-23 19:00:00,483.2486666666667
2026-03-23 20:00:00,528.0133333333333
2026-03-23 21:00:00,486.25533333333334
2026-03-23 22:00:00,483.32233333333335
2026-03-23 23:00:00,490.4916666666667
2026-03-24 00:00:00,493.0131666666667
2026-03-24 01:00:00,493.556
2026-03-24 02:00:00,500.88933333333335
2026-03-24 03:00:00,519.6426666666666
2026-03-24 04:00:00,528.9583333333334
2026-03-24 05:00:00,566.2903333333334
2026-03-24 06:00:00,578.7411666666667
2026-03-24 07:00:00,551.6355
2026-03-24 08:00:00,546.8694166666667
2026-03-24 09:00:00,515.5925
2026-03-24 10:00:00,477.03083333333336
2026-03-24 11:00:00,449.8231666666667
2026-03-24 12:00:00,425.89866666666666
2026-03-24 13:00:00,431.1263333333333
2026-03-24 14:00:00,429.9281666666667
2026-03-24 15:00:00,456.3235
2026-03-24 16:00:00,457.0901666666667
2026-03-24 17:00:00,485.251
2026-03-24 18:00:00,497.14933333333335
2026-03-24 19:00:00,522.6126666666667
2026-03-24 20:00:00,533.0976666666667
2026-03-24 21:00:00,520.4208333333333
2026-03-24 22:00:00,492.49333333333334
2026-03-24 23:00:00,478.164
2026-03-25 00:00:00,470.88783333333333
2026-03-25 01:00:00,452.871
2026-03-25 02:00:00,478.323
2026-03-25 03:00:00,491.46866666666665
2026-03-25 04:00:00,502.70616666666666
2026-03-25 05:00:00,544.1065
2026-03-25 06:00:00,559.391
2026-03-25 07:00:00,568.1558333333334
2026-03-25 08:00:00,544.5871379310345
2026-03-25 09:00:00,576.5558333333333
2026-03-25 10:00:00,611.7743333333333
2026-03-25 11:00:00,607.8660907522429
2026-03-25 12:00:00,558.7215
2026-03-25 13:00:00,531.946
2026-03-25 14:00:00,595.8145
2026-03-25 15:00:00,602.9269230769231
2026-03-25 16:00:00,600.6025
2026-03-25 17:00:00,683.5195324798483
2026-03-25 18:00:00,694.6033632478633
2026-03-25 19:00:00,712.4331666666667
2026-03-25 20:00:00,728.857
2026-03-25 21:00:00,705.413
2026-03-25 22:00:00,705.3023333333333
2026-03-25 23:00:00,725.2591666666667
2026-03-26 00:00:00,728.6918333333333
2026-03-26 01:00:00,724.5595
2026-03-26 02:00:00,729.4848333333333
2026-03-26 03:00:00,770.6936666666667
2026-03-26 04:00:00,788.0518333333333
2026-03-26 05:00:00,818.435
2026-03-26 06:00:00,882.5738333333334
2026-03-26 07:00:00,814.1241666666667
2026-03-26 08:00:00,821.0496666666667
2026-03-26 09:00:00,816.8933333333333
2026-03-26 10:00:00,796.385
2026-03-26 11:00:00,751.7645
2026-03-26 12:00:00,772.589
2026-03-26 13:00:00,766.942
2026-03-26 14:00:00,801.6503333333334
2026-03-26 15:00:00,794.4145
2026-03-26 16:00:00,804.4333333333333
2026-03-26 17:00:00,826.1655
2026-03-26 18:00:00,883.7143333333333
2026-03-26 19:00:00,882.5436666666667
2026-03-26 20:00:00,912.5566666666667
2026-03-26 21:00:00,904.74
2026-03-26 22:00:00,912.8756666666667
2026-03-26 23:00:00,919.309
2026-03-27 00:00:00,888.5450000000001
2026-03-27 01:00:00,884.4771666666667
2026-03-27 02:00:00,933.8986666666667
2026-03-27 03:00:00,961.654
2026-03-27 04:00:00,970.303
2026-03-27 05:00:00,988.1658333333334
2026-03-27 06:00:00,1020.9733333333334
2026-03-27 07:00:00,953.5285
2026-03-27 08:00:00,888.7786666666667
2026-03-27 09:00:00,846.4755
2026-03-27 10:00:00,775.1455
2026-03-27 11:00:00,766.9833333333333
2026-03-27 12:00:00,766.4981666666666
2026-03-27 13:00:00,712.6363333333334
2026-03-27 14:00:00,706.1631666666667
2026-03-27 15:00:00,701.123
2026-03-27 16:00:00,700.1603333333334
2026-03-27 17:00:00,717.2366666666667
2026-03-27 18:00:00,758.971
2026-03-27 19:00:00,751.6623333333333
2026-03-27 20:00:00,748.1115
2026-03-27 21:00:00,753.7661666666667
2026-03-27 22:00:00,746.9423333333334
2026-03-27 23:00:00,724.0735
2026-03-28 00:00:00,739.8496666666666
2026-03-28 01:00:00,777.4995
2026-03-28 02:00:00,767.6238333333333
2026-03-28 03:00:00,753.1776666666667
2026-03-28 04:00:00,765.5475
2026-03-28 05:00:00,765.2968333333333
2026-03-28 06:00:00,797.662
2026-03-28 07:00:00,816.7951666666667
2026-03-28 08:00:00,805.223
2026-03-28 09:00:00,789.8375
2026-03-28 10:00:00,809.7723333333333
2026-03-28 11:00:00,822.6573333333333
2026-03-28 12:00:00,814.0771666666667
2026-03-28 13:00:00,839.5215
2026-03-28 14:00:00,813.7056666666666
2026-03-28 15:00:00,784.1238333333333
2026-03-28 16:00:00,787.8328333333333
2026-03-28 17:00:00,796.0891666666666
2026-03-28 18:00:00,846.0273333333333
2026-03-28 19:00:00,858.315
2026-03-28 20:00:00,846.261
2026-03-28 21:00:00,858.9408333333333
2026-03-28 22:00:00,846.0821666666667
2026-03-28 23:00:00,837.01
2026-03-29 00:00:00,829.279
2026-03-29 01:00:00,834.4415
2026-03-29 02:00:00,822.1335
2026-03-29 03:00:00,837.0496666666667
2026-03-29 04:00:00,838.1861666666666
2026-03-29 05:00:00,859.614
2026-03-29 06:00:00,866.8821666666666
2026-03-29 07:00:00,820.3438333333334
2026-03-29 08:00:00,825.8428333333334
2026-03-29 09:00:00,795.7868333333333
2026-03-29 10:00:00,755.3491666666666
2026-03-29 11:00:00,729.5796666666666
2026-03-29 12:00:00,703.9858333333333
2026-03-29 13:00:00,684.5738333333334
2026-03-29 14:00:00,693.8108333333333
2026-03-29 15:00:00,690.0508333333333
2026-03-29 16:00:00,720.1341666666667
2026-03-29 17:00:00,730.731
2026-03-29 18:00:00,761.452
2026-03-29 19:00:00,761.6706666666666
2026-03-29 20:00:00,790.2125
2026-03-29 21:00:00,758.2808333333334
2026-03-29 22:00:00,783.9638333333334
2026-03-29 23:00:00,768.0375
2026-03-30 00:00:00,746.1983333333334
2026-03-30 01:00:00,735.6555
2026-03-30 02:00:00,753.6171666666667
2026-03-30 03:00:00,785.258
2026-03-30 04:00:00,786.816
2026-03-30 05:00:00,797.543
2026-03-30 06:00:00,806.6211666666667
2026-03-30 07:00:00,777.7616666666667
2026-03-30 08:00:00,759.1568333333333
2026-03-30 09:00:00,762.5315
2026-03-30 10:00:00,757.482
2026-03-30 11:00:00,723.1683333333333
2026-03-30 12:00:00,671.4328333333333
2026-03-30 13:00:00,697.2921666666666
2026-03-30 14:00:00,736.1783083003952
2026-03-30 15:00:00,737.2434999999999
2026-03-30 16:00:00,741.5201666666667
2026-03-30 17:00:00,748.936
2026-03-30 18:00:00,779.3358333333333
2026-03-30 19:00:00,780.3511666666667
2026-03-30 20:00:00,781.1438333333333
2026-03-30 21:00:00,756.6586666666667
2026-03-30 22:00:00,766.4946666666666
2026-03-30 23:00:00,751.8321666666667
2026-03-31 00:00:00,751.6236666666666
2026-03-31 01:00:00,776.4273333333333
2026-03-31 02:00:00,776.1075
2026-03-31 03:00:00,791.922
2026-03-31 04:00:00,831.4961666666667
2026-03-31 05:00:00,833.1986666666667
2026-03-31 06:00:00,840.9103333333334
2026-03-31 07:00:00,851.364891891892
2026-03-31 08:00:00,799.0535
2026-03-31 09:00:00,754.4425
2026-03-31 10:00:00,739.329
2026-03-31 11:00:00,748.8348333333333
2026-03-31 12:00:00,721.8195
2026-03-31 13:00:00,744.1091666666666
2026-03-31 14:00:00,710.9451666666666
2026-03-31 15:00:00,703.8383333333334
2026-03-31 16:00:00,708.8815
2026-03-31 17:00:00,717.8266666666667
2026-03-31 18:00:00,751.8718333333334
2026-03-31 19:00:00,746.5358333333332
2026-03-31 20:00:00,752.2578333333333
2026-03-31 21:00:00,740.0638333333334
2026-03-31 22:00:00,744.5916666666667
2026-03-31 23:00:00,729.342
